sma_time,open,high,low,close,sma_short,sma_long,signal
2026-04-01 00:00:00,158.589,158.844,158.453,158.788,,,0
2026-04-01 01:00:00,158.788,159.014,158.735,158.758,,,0
2026-04-01 02:00:00,158.756,158.788,158.662,158.724,,,0
2026-04-01 03:00:00,158.728,158.864,158.584,158.862,,,0
2026-04-01 04:00:00,158.864,158.937,158.782,158.786,,,0
2026-04-01 05:00:00,158.786,158.92,158.618,158.676,,,0
2026-04-01 06:00:00,158.675,158.689,158.29,158.31,,,0
2026-04-01 07:00:00,158.31,158.792,158.274,158.78,,,0
2026-04-01 08:00:00,158.781,158.874,158.424,158.582,158.69622222222222,,0
2026-04-01 09:00:00,158.584,158.773,158.486,158.712,158.6877777777778,,0
2026-04-01 10:00:00,158.711,158.734,158.517,158.522,158.66155555555554,,0
2026-04-01 11:00:00,158.52,158.551,158.348,158.35,158.62,,0
2026-04-01 12:00:00,158.35,158.586,158.318,158.532,158.58333333333334,,0
2026-04-01 13:00:00,158.532,158.675,158.457,158.649,158.56811111111108,,0
2026-04-01 14:00:00,158.654,158.768,158.464,158.487,158.54711111111112,,0
2026-04-01 15:00:00,158.484,158.698,158.41,158.632,158.5828888888889,,0
2026-04-01 16:00:00,158.633,158.732,158.546,158.556,158.558,,0
2026-04-01 17:00:00,158.554,158.723,158.45,158.71,158.5722222222222,,0
2026-04-01 18:00:00,158.709,158.864,158.691,158.852,158.58777777777777,,0
2026-04-01 19:00:00,158.852,158.948,158.842,158.896,158.62933333333334,,0
2026-04-01 20:00:00,158.896,158.908,158.752,158.79,158.67822222222222,,0
2026-04-01 21:00:00,158.808,158.827,158.616,158.71,158.69799999999998,,0
2026-04-01 22:00:00,158.709,158.74,158.585,158.61,158.69366666666667,,0
2026-04-01 23:00:00,158.609,158.718,158.545,158.716,158.71911111111112,,0
2026-04-02 00:00:00,158.716,158.766,158.582,158.671,158.72344444444445,,0
2026-04-02 01:00:00,158.672,159.289,158.608,159.286,158.80455555555557,158.69026923076925,1
2026-04-02 02:00:00,159.286,159.476,159.176,159.423,158.8837777777778,158.71469230769233,1
2026-04-02 03:00:00,159.425,159.447,159.312,159.368,158.94111111111113,158.73815384615384,1
2026-04-02 04:00:00,159.368,159.438,159.336,159.347,158.99122222222223,158.76211538461536,1
2026-04-02 05:00:00,159.348,159.446,159.34,159.442,159.06366666666668,158.78442307692305,1
2026-04-02 06:00:00,159.442,159.468,159.305,159.388,159.139,158.80757692307694,1
2026-04-02 07:00:00,159.389,159.716,159.373,159.578,159.24655555555557,158.84226923076923,1
2026-04-02 08:00:00,159.578,159.708,159.552,159.68,159.35366666666667,158.89496153846156,1
2026-04-02 09:00:00,159.68,159.726,159.569,159.57,159.45355555555554,158.92534615384616,1
2026-04-02 10:00:00,159.57,159.702,159.546,159.687,159.49811111111111,158.96784615384615,1
2026-04-02 11:00:00,159.686,159.747,159.676,159.706,159.52955555555553,159.00607692307693,1
2026-04-02 12:00:00,159.704,159.711,159.564,159.633,159.559,159.0488076923077,1
2026-04-02 13:00:00,159.632,159.692,159.454,159.47,159.57266666666666,159.09188461538463,1
2026-04-02 14:00:00,159.469,159.507,159.242,159.362,159.56377777777777,159.1238076923077,1
2026-04-02 15:00:00,159.362,159.39,159.232,159.344,159.55888888888887,159.15053846153845,1
2026-04-02 16:00:00,159.344,159.516,159.312,159.512,159.55155555555558,159.18996153846155,1
2026-04-02 17:00:00,159.514,159.616,159.496,159.595,159.5421111111111,159.227,1
2026-04-02 18:00:00,159.594,159.728,159.582,159.636,159.54944444444448,159.26853846153847,1
2026-04-02 19:00:00,159.636,159.68,159.544,159.662,159.54666666666668,159.30515384615384,1
2026-04-02 20:00:00,159.664,159.678,159.557,159.606,159.53555555555556,159.33415384615384,1
2026-04-02 21:00:00,159.597,159.597,159.554,159.567,159.5282222222222,159.35996153846156,1
2026-04-02 22:00:00,159.556,159.603,159.512,159.533,159.53522222222222,159.38853846153845,1
2026-04-02 23:00:00,159.532,159.536,159.486,159.496,159.5501111111111,159.41876923076921,1
2026-04-03 00:00:00,159.496,159.632,159.431,159.598,159.57833333333335,159.45676923076923,1
2026-04-03 01:00:00,159.597,159.652,159.548,159.646,159.5932222222222,159.49253846153846,1
2026-04-03 02:00:00,159.648,159.718,159.614,159.674,159.602,159.5311153846154,1
2026-04-03 03:00:00,159.674,159.696,159.574,159.582,159.596,159.5425,1
2026-04-03 04:00:00,159.583,159.634,159.538,159.623,159.59166666666667,159.55019230769233,1
2026-04-03 05:00:00,159.624,159.658,159.602,159.65,159.59655555555557,159.5610384615385,1
2026-04-03 06:00:00,159.65,159.694,159.59,159.637,159.60433333333333,159.57219230769232,1
2026-04-03 07:00:00,159.636,159.636,159.547,159.587,159.61033333333333,159.57776923076923,1
2026-04-03 08:00:00,159.588,159.64,159.57,159.609,159.62288888888887,159.58626923076923,1
2026-04-03 09:00:00,159.61,159.621,159.582,159.596,159.62266666666665,159.58696153846157,1
2026-04-03 10:00:00,159.596,159.615,159.566,159.596,159.61711111111111,159.58373076923075,1
2026-04-03 11:00:00,159.596,159.598,159.541,159.56,159.60444444444445,159.58334615384618,1
2026-04-03 12:00:00,159.56,159.824,159.532,159.62,159.60866666666666,159.58076923076925,1
2026-04-03 13:00:00,159.62,159.634,159.487,159.516,159.5967777777778,159.57346153846154,1
2026-04-03 14:00:00,159.516,159.602,159.492,159.598,159.591,159.5721153846154,1
2026-04-03 15:00:00,159.598,159.649,159.566,159.646,159.59199999999998,159.57888461538462,1
2026-04-03 16:00:00,159.646,159.65,159.628,159.636,159.59744444444445,159.58942307692308,1
2026-04-03 17:00:00,159.636,159.652,159.632,159.636,159.60044444444443,159.60065384615385,-1
2026-04-03 18:00:00,159.638,159.672,159.63,159.658,159.60733333333334,159.60626923076921,1
2026-04-03 19:00:00,159.658,159.67,159.634,159.638,159.61199999999997,159.60792307692307,1
2026-04-03 20:00:00,159.638,159.719,159.505,159.632,159.62,159.6077692307692,1
2026-04-05 21:00:00,159.641,159.772,159.477,159.632,159.62133333333335,159.6066153846154,1
2026-04-05 22:00:00,159.62,159.808,159.472,159.679,159.63944444444442,159.6094230769231,1
2026-04-05 23:00:00,159.678,159.834,159.61,159.78,159.65966666666665,159.6176153846154,1
2026-04-06 00:00:00,159.781,159.805,159.658,159.75,159.67122222222224,159.62596153846152,1
2026-04-06 01:00:00,159.747,159.747,159.618,159.694,159.67766666666668,159.63357692307693,1
2026-04-06 02:00:00,159.694,159.695,159.528,159.557,159.6688888888889,159.632,1
2026-04-06 03:00:00,159.558,159.642,159.536,159.626,159.66533333333334,159.63123076923077,1
2026-04-06 04:00:00,159.626,159.633,159.547,159.572,159.65800000000002,159.6273076923077,1
2026-04-06 05:00:00,159.57,159.583,159.552,159.574,159.65155555555555,159.62699999999998,1
2026-04-06 06:00:00,159.573,159.656,159.545,159.611,159.6492222222222,159.62653846153847,1
2026-04-06 07:00:00,159.612,159.712,159.346,159.388,159.6168888888889,159.61646153846155,1
2026-04-06 08:00:00,159.386,159.44,159.304,159.39,159.57355555555554,159.60696153846155,-1
2026-04-06 09:00:00,159.389,159.471,159.348,159.434,159.53844444444442,159.6010769230769,-1
2026-04-06 10:00:00,159.434,159.562,159.414,159.462,159.51266666666663,159.59542307692305,-1
2026-04-06 11:00:00,159.461,159.588,159.455,159.558,159.51277777777776,159.59396153846154,-1
2026-04-06 12:00:00,159.561,159.572,159.37,159.41,159.48877777777776,159.58680769230767,-1
2026-04-06 13:00:00,159.409,159.504,159.398,159.491,159.47977777777777,159.58415384615384,-1
2026-04-06 14:00:00,159.484,159.72,159.399,159.708,159.49466666666666,159.58753846153846,-1
2026-04-06 15:00:00,159.709,159.805,159.704,159.708,159.50544444444444,159.59492307692307,-1
2026-04-06 16:00:00,159.709,159.714,159.623,159.681,159.53799999999998,159.59811538461537,-1
2026-04-06 17:00:00,159.68,159.798,159.68,159.774,159.58066666666667,159.60303846153846,-1
2026-04-06 18:00:00,159.774,159.792,159.594,159.688,159.60888888888888,159.60503846153844,1
2026-04-06 19:00:00,159.688,159.736,159.652,159.698,159.63511111111112,159.60742307692306,1
2026-04-06 20:00:00,159.698,159.715,159.67,159.686,159.64933333333335,159.6085,1
2026-04-06 21:00:00,159.694,159.748,159.605,159.676,159.6788888888889,159.6099615384615,1
2026-04-06 22:00:00,159.682,159.682,159.574,159.67,159.69877777777776,159.61142307692307,1
2026-04-06 23:00:00,159.67,159.71,159.655,159.696,159.69744444444444,159.61388461538462,1
2026-04-07 00:00:00,159.694,159.842,159.68,159.83,159.711,159.6196923076923,1
2026-04-07 01:00:00,159.83,159.924,159.788,159.884,159.73355555555557,159.6236923076923,1
2026-04-07 02:00:00,159.886,159.934,159.85,159.874,159.74466666666666,159.62846153846155,1
2026-04-07 03:00:00,159.874,159.886,159.822,159.834,159.76088888888887,159.63384615384615,1
2026-04-07 04:00:00,159.832,159.834,159.732,159.738,159.76533333333333,159.6408076923077,1
2026-04-07 05:00:00,159.738,159.819,159.726,159.772,159.77488888888888,159.64642307692307,1
2026-04-07 06:00:00,159.77,159.816,159.734,159.785,159.78699999999998,159.65461538461537,1
2026-04-07 07:00:00,159.784,159.882,159.778,159.864,159.80855555555556,159.66576923076926,1
2026-04-07 08:00:00,159.864,159.866,159.481,159.492,159.7858888888889,159.6611923076923,1
2026-04-07 09:00:00,159.492,159.638,159.468,159.636,159.76433333333333,159.67073076923077,1
2026-04-07 10:00:00,159.632,159.796,159.617,159.786,159.75344444444443,159.68596153846153,1
2026-04-07 11:00:00,159.784,159.867,159.768,159.83,159.74855555555553,159.7011923076923,1
2026-04-07 12:00:00,159.83,159.876,159.714,159.781,159.74266666666668,159.71346153846156,1
2026-04-07 13:00:00,159.78,159.895,159.724,159.89,159.75955555555555,159.72623076923077,1
2026-04-07 14:00:00,159.89,159.964,159.778,159.956,159.78,159.74723076923075,1
2026-04-07 15:00:00,159.956,160.032,159.868,159.898,159.79255555555557,159.76288461538462,1
2026-04-07 16:00:00,159.9,159.912,159.797,159.908,159.79744444444444,159.77057692307693,1
2026-04-07 17:00:00,159.908,159.957,159.706,159.782,159.82966666666667,159.77342307692305,1
2026-04-07 18:00:00,159.784,159.868,159.7,159.844,159.85277777777776,159.7796923076923,1
2026-04-07 19:00:00,159.844,159.868,159.544,159.586,159.83055555555555,159.77246153846153,1
2026-04-07 20:00:00,159.585,159.696,159.504,159.61,159.80611111111114,159.7694615384615,1
2026-04-07 21:00:00,159.614,159.627,159.542,159.586,159.78444444444446,159.76515384615385,1
2026-04-07 22:00:00,159.581,159.78,158.85,158.926,159.67733333333334,159.7359230769231,-1
2026-04-07 23:00:00,158.926,158.97,158.601,158.72,159.54000000000002,159.69915384615385,-1
2026-04-08 00:00:00,158.722,158.792,158.546,158.694,159.40622222222223,159.66161538461535,-1
2026-04-08 01:00:00,158.695,158.716,158.344,158.409,159.2396666666667,159.61211538461538,-1
2026-04-08 02:00:00,158.41,158.581,158.294,158.435,159.09,159.55846153846153,-1
2026-04-08 03:00:00,158.433,158.466,158.352,158.45,158.93511111111113,159.50330769230771,-1
2026-04-08 04:00:00,158.448,158.463,158.344,158.354,158.79822222222222,159.44484615384616,-1
2026-04-08 05:00:00,158.356,158.434,158.152,158.278,158.6502222222222,159.38500000000002,-1
2026-04-08 06:00:00,158.281,158.377,158.049,158.204,158.49666666666664,159.326,-1
2026-04-08 07:00:00,158.204,158.368,158.112,158.218,158.418,159.2662307692308,-1
2026-04-08 08:00:00,158.217,158.49,158.125,158.376,158.37977777777778,159.21203846153847,-1
2026-04-08 09:00:00,158.375,158.498,158.28,158.492,158.35733333333332,159.15926923076924,-1
2026-04-08 10:00:00,158.492,158.538,158.384,158.435,158.3602222222222,159.11861538461537,-1
2026-04-08 11:00:00,158.436,158.488,158.22,158.255,158.34022222222222,159.06550000000001,-1
2026-04-08 12:00:00,158.252,158.328,157.95,158.018,158.29222222222222,158.99749999999997,-1
2026-04-08 13:00:00,158.018,158.328,157.888,158.276,158.28355555555558,158.93773076923077,-1
2026-04-08 14:00:00,158.276,158.423,158.186,158.281,158.2838888888889,158.88003846153848,-1
2026-04-08 15:00:00,158.283,158.468,158.257,158.388,158.30433333333335,158.82226923076922,-1
2026-04-08 16:00:00,158.388,158.499,158.356,158.424,158.32722222222225,158.76334615384616,-1
2026-04-08 17:00:00,158.424,158.524,158.391,158.456,158.3361111111111,158.70788461538461,-1
2026-04-08 18:00:00,158.458,158.745,158.38,158.737,158.36333333333334,158.66284615384617,-1
2026-04-08 19:00:00,158.74,158.798,158.502,158.541,158.3751111111111,158.61511538461536,-1
2026-04-08 20:00:00,158.54,158.63,158.518,158.569,158.41,158.5660769230769,-1
2026-04-08 21:00:00,158.553,158.654,158.486,158.546,158.46866666666668,158.52607692307691,-1
2026-04-08 22:00:00,158.534,158.587,158.508,158.569,158.50122222222222,158.48603846153844,1
2026-04-08 23:00:00,158.568,158.684,158.562,158.654,158.54266666666666,158.4501923076923,1
2026-04-09 00:00:00,158.656,158.872,158.621,158.86,158.59511111111112,158.44765384615386,1
2026-04-09 01:00:00,158.858,158.954,158.792,158.83,158.6402222222222,158.4518846153846,1
2026-04-09 02:00:00,158.83,158.858,158.707,158.72,158.66955555555555,158.4528846153846,1
2026-04-09 03:00:00,158.718,158.808,158.692,158.756,158.67166666666665,158.46623076923078,1
2026-04-09 04:00:00,158.754,158.754,158.644,158.737,158.69344444444445,158.47784615384614,1
2026-04-09 05:00:00,158.738,158.866,158.718,158.845,158.7241111111111,158.49303846153848,1
2026-04-09 06:00:00,158.847,158.932,158.77,158.788,158.751,158.50973076923077,1
2026-04-09 07:00:00,158.787,158.976,158.767,158.972,158.79577777777777,158.53642307692309,1
2026-04-09 08:00:00,158.97,159.111,158.911,159.003,158.83455555555554,158.56715384615384,1
2026-04-09 09:00:00,159.004,159.058,158.94,158.988,158.8487777777778,158.5967692307692,1
2026-04-09 10:00:00,158.989,159.084,158.956,159.082,158.87677777777776,158.62392307692306,1
2026-04-09 11:00:00,159.082,159.088,158.84,158.896,158.8963333333333,158.63946153846155,1
2026-04-09 12:00:00,158.896,159.116,158.857,159.002,158.9236666666667,158.66126923076925,1
2026-04-09 13:00:00,159.003,159.099,158.89,159.084,158.9622222222222,158.69315384615385,1
2026-04-09 14:00:00,159.082,159.245,158.994,159.188,159.00033333333332,158.73815384615384,1
2026-04-09 15:00:00,159.188,159.299,158.866,158.87,159.00944444444443,158.761,1
2026-04-09 16:00:00,158.87,158.9,158.63,158.764,158.98633333333333,158.77957692307695,1
2026-04-09 17:00:00,158.764,158.796,158.679,158.769,158.96033333333332,158.79423076923075,1
2026-04-09 18:00:00,158.768,159.026,158.766,159.012,158.963,158.81684615384617,1
2026-04-09 19:00:00,159.012,159.1,158.976,159.096,158.96455555555556,158.84146153846157,1
2026-04-09 20:00:00,159.096,159.133,158.995,158.998,158.9758888888889,158.85150000000002,1
2026-04-09 21:00:00,158.954,159.012,158.948,159.003,158.976,158.86926923076922,1
2026-04-09 22:00:00,159.0,159.104,158.966,159.087,158.97633333333334,158.8891923076923,1
2026-04-09 23:00:00,159.088,159.128,159.048,159.094,158.96588888888888,158.91026923076925,1
2026-04-10 00:00:00,159.093,159.246,159.093,159.186,159.001,158.93400000000003,1
2026-04-10 01:00:00,159.188,159.23,159.024,159.031,159.03066666666666,158.9485,1
2026-04-10 02:00:00,159.029,159.194,159.025,159.16,159.0741111111111,158.96003846153846,1
2026-04-10 03:00:00,159.162,159.177,159.118,159.14,159.08833333333334,158.97196153846153,1
2026-04-10 04:00:00,159.138,159.215,159.124,159.185,159.09822222222223,158.98984615384614,1
2026-04-10 05:00:00,159.186,159.275,159.184,159.258,159.1271111111111,159.00915384615385,1
2026-04-10 06:00:00,159.259,159.383,159.204,159.283,159.1582222222222,159.03015384615384,1
2026-04-10 07:00:00,159.283,159.342,159.196,159.341,159.18644444444445,159.04923076923075,1
2026-04-10 08:00:00,159.342,159.354,159.245,159.318,159.21133333333333,159.0696153846154,1
2026-04-10 09:00:00,159.318,159.332,159.182,159.246,159.218,159.08015384615385,1
2026-04-10 10:00:00,159.246,159.292,159.182,159.2,159.23677777777777,159.08773076923077,1
2026-04-10 11:00:00,159.2,159.242,159.161,159.178,159.23877777777778,159.09503846153845,1
2026-04-10 12:00:00,159.179,159.191,158.894,159.156,159.24055555555555,159.09788461538463,1
2026-04-10 13:00:00,159.157,159.206,159.07,159.176,159.23955555555554,159.10865384615383,1
2026-04-10 14:00:00,159.172,159.244,159.094,159.128,159.2251111111111,159.1135,1
2026-04-10 15:00:00,159.128,159.236,159.035,159.228,159.219,159.11903846153848,1
2026-04-10 16:00:00,159.228,159.352,159.218,159.27,159.2111111111111,159.1221923076923,1
2026-04-10 17:00:00,159.27,159.31,159.244,159.295,159.20855555555556,159.13853846153845,1
2026-04-10 18:00:00,159.296,159.342,159.239,159.282,159.21255555555555,159.15846153846152,1
2026-04-10 19:00:00,159.282,159.312,159.268,159.304,159.2241111111111,159.17903846153845,1
2026-04-10 20:00:00,159.304,159.322,159.26,159.275,159.2348888888889,159.18915384615383,1
2026-04-12 21:00:00,159.596,159.638,159.544,159.602,159.28444444444443,159.20861538461537,1
2026-04-12 22:00:00,159.592,159.854,159.592,159.807,159.35455555555555,159.2397307692308,1
2026-04-12 23:00:00,159.806,159.858,159.652,159.68,159.4158888888889,159.26576923076922,1
2026-04-13 00:00:00,159.68,159.846,159.668,159.706,159.469,159.2895769230769,1
2026-04-13 01:00:00,159.704,159.786,159.656,159.689,159.51555555555558,159.31246153846152,1
2026-04-13 02:00:00,159.69,159.758,159.663,159.714,159.5621111111111,159.33276923076923,1
2026-04-13 03:00:00,159.714,159.752,159.678,159.682,159.60655555555556,159.3578076923077,1
2026-04-13 04:00:00,159.682,159.776,159.668,159.726,159.65344444444443,159.3795769230769,1
2026-04-13 05:00:00,159.728,159.754,159.673,159.68,159.69844444444442,159.40034615384613,1
2026-04-13 06:00:00,159.681,159.735,159.561,159.678,159.7068888888889,159.41930769230768,1
2026-04-13 07:00:00,159.676,159.723,159.605,159.606,159.68455555555556,159.43269230769232,1
2026-04-13 08:00:00,159.607,159.726,159.568,159.712,159.6881111111111,159.4491923076923,1
2026-04-13 09:00:00,159.711,159.742,159.674,159.736,159.69144444444444,159.4643846153846,1
2026-04-13 10:00:00,159.735,159.742,159.668,159.691,159.69166666666666,159.47873076923076,1
2026-04-13 11:00:00,159.692,159.852,159.647,159.845,159.7062222222222,159.50176923076924,1
2026-04-13 12:00:00,159.846,159.862,159.686,159.745,159.7132222222222,159.52273076923075,1
2026-04-13 13:00:00,159.744,159.802,159.546,159.55,159.69366666666667,159.53703846153846,1
2026-04-13 14:00:00,159.55,159.664,159.506,159.57,159.68144444444445,159.55296153846152,1
2026-04-13 15:00:00,159.572,159.756,159.572,159.746,159.689,159.57488461538463,1
2026-04-13 16:00:00,159.746,159.788,159.46,159.527,159.6802222222222,159.59023076923074,1
2026-04-13 17:00:00,159.526,159.538,159.361,159.412,159.64688888888887,159.59730769230768,1
2026-04-13 18:00:00,159.41,159.411,159.297,159.327,159.60144444444444,159.59949999999998,1
2026-04-13 19:00:00,159.328,159.395,159.291,159.387,159.56766666666667,159.60303846153846,-1
2026-04-13 20:00:00,159.385,159.462,159.374,159.445,159.52322222222222,159.60930769230768,-1
2026-04-13 21:00:00,159.422,159.443,159.346,159.371,159.48166666666668,159.6118846153846,-1
2026-04-13 22:00:00,159.375,159.422,159.328,159.372,159.4618888888889,159.61561538461535,-1
2026-04-13 23:00:00,159.372,159.381,159.208,159.225,159.42355555555554,159.60111538461538,-1
2026-04-14 00:00:00,159.226,159.34,159.144,159.167,159.35922222222223,159.5765,-1
2026-04-14 01:00:00,159.166,159.236,159.083,159.213,159.32433333333336,159.55853846153846,-1
2026-04-14 02:00:00,159.214,159.268,159.126,159.144,159.29455555555558,159.53692307692307,-1
2026-04-14 03:00:00,159.144,159.169,159.078,159.094,159.2686666666667,159.51403846153846,-1
2026-04-14 04:00:00,159.095,159.122,159.013,159.031,159.22911111111114,159.48776923076923,-1
2026-04-14 05:00:00,159.032,159.16,158.96,159.133,159.19444444444446,159.46665384615383,-1
2026-04-14 06:00:00,159.134,159.285,159.118,159.158,159.17077777777777,159.4448076923077,-1
2026-04-14 07:00:00,159.158,159.169,158.948,159.068,159.137,159.4212692307692,-1
2026-04-14 08:00:00,159.069,159.171,159.026,159.068,159.11955555555556,159.39780769230768,-1
2026-04-14 09:00:00,159.068,159.094,158.852,158.976,159.09833333333333,159.3735769230769,-1
2026-04-14 10:00:00,158.975,158.98,158.806,158.827,159.05544444444445,159.33953846153847,-1
2026-04-14 11:00:00,158.828,158.836,158.703,158.778,159.0147777777778,159.3026923076923,-1
2026-04-14 12:00:00,158.778,158.878,158.701,158.715,158.97266666666667,159.26515384615385,-1
2026-04-14 13:00:00,158.716,158.9,158.677,158.858,158.95344444444444,159.22719230769232,-1
2026-04-14 14:00:00,158.859,158.862,158.602,158.747,158.91055555555556,159.18880769230768,-1
2026-04-14 15:00:00,158.748,158.921,158.748,158.914,158.88344444444445,159.16434615384617,-1
2026-04-14 16:00:00,158.914,158.936,158.816,158.838,158.85788888888888,159.1361923076923,-1
2026-04-14 17:00:00,158.839,158.894,158.7,158.736,158.82100000000003,159.09734615384616,-1
2026-04-14 18:00:00,158.736,158.838,158.688,158.815,158.80311111111112,159.0699615384615,-1
2026-04-14 19:00:00,158.816,158.912,158.802,158.864,158.8072222222222,159.0488846153846,-1
2026-04-14 20:00:00,158.864,158.894,158.796,158.802,158.80988888888888,159.02869230769232,-1
2026-04-14 21:00:00,158.801,158.844,158.791,158.83,158.82266666666666,159.00726923076925,-1
2026-04-14 22:00:00,158.846,158.85,158.777,158.842,158.8208888888889,158.98407692307694,-1
2026-04-14 23:00:00,158.842,158.884,158.772,158.803,158.8271111111111,158.96223076923076,-1
2026-04-15 00:00:00,158.804,158.884,158.74,158.816,158.81622222222222,158.94084615384617,-1
2026-04-15 01:00:00,158.816,158.98,158.816,158.912,158.82444444444445,158.9288076923077,-1
2026-04-15 02:00:00,158.914,159.068,158.885,159.039,158.8581111111111,158.92388461538465,-1
2026-04-15 03:00:00,159.04,159.053,158.958,158.986,158.87711111111108,158.91515384615383,-1
2026-04-15 04:00:00,158.987,159.012,158.954,158.986,158.89066666666668,158.90907692307695,-1
2026-04-15 05:00:00,158.986,158.998,158.912,158.962,158.90844444444443,158.904,1
2026-04-15 06:00:00,158.962,159.03,158.864,159.026,158.93022222222223,158.90380769230768,1
2026-04-15 07:00:00,159.027,159.03,158.886,158.931,158.94011111111112,158.89603846153844,1
2026-04-15 08:00:00,158.932,158.938,158.644,158.78,158.93755555555558,158.8815,1
2026-04-15 09:00:00,158.78,158.936,158.718,158.898,158.94666666666666,158.87496153846152,1
2026-04-15 10:00:00,158.9,159.052,158.826,158.978,158.954,158.8715,1
2026-04-15 11:00:00,158.978,159.098,158.93,159.03,158.953,158.8735769230769,1
2026-04-15 12:00:00,159.028,159.153,159.028,159.108,158.96655555555554,158.88438461538465,1
2026-04-15 13:00:00,159.108,159.122,158.982,159.028,158.97122222222222,158.89399999999998,1
2026-04-15 14:00:00,159.028,159.066,158.922,158.989,158.97422222222224,158.90453846153846,1
2026-04-15 15:00:00,158.992,159.031,158.865,159.026,158.97422222222224,158.911,1
2026-04-15 16:00:00,159.025,159.035,158.752,158.884,158.969,158.91626923076922,1
2026-04-15 17:00:00,158.883,159.114,158.88,159.103,159.00488888888887,158.92353846153844,1
2026-04-15 18:00:00,159.104,159.122,159.002,159.024,159.0188888888889,158.93069230769228,1
2026-04-15 19:00:00,159.024,159.058,158.952,158.978,159.0188888888889,158.94,1
2026-04-15 20:00:00,158.979,159.005,158.956,158.969,159.0121111111111,158.94592307692307,1
2026-04-15 21:00:00,159.004,159.01,158.902,158.958,158.99544444444444,158.94953846153845,1
2026-04-15 22:00:00,158.958,158.958,158.838,158.876,158.97855555555554,158.95238461538463,1
2026-04-15 23:00:00,158.874,158.892,158.798,158.818,158.95955555555554,158.95192307692307,1
2026-04-16 00:00:00,158.819,158.852,158.718,158.732,158.92688888888887,158.9476923076923,-1
2026-04-16 01:00:00,158.732,158.827,158.68,158.754,158.91244444444445,158.94580769230768,-1
2026-04-16 02:00:00,158.754,158.815,158.509,158.512,158.8467777777778,158.93411538461538,-1
2026-04-16 03:00:00,158.514,158.678,158.266,158.672,158.80766666666668,158.9248846153846,-1
2026-04-16 04:00:00,158.674,158.742,158.653,158.714,158.7783333333333,158.9123846153846,-1
2026-04-16 05:00:00,158.714,158.858,158.7,158.85,158.7651111111111,158.90715384615385,-1
2026-04-16 06:00:00,158.85,158.956,158.754,158.794,158.7468888888889,158.89976923076924,-1
2026-04-16 07:00:00,158.793,158.89,158.725,158.866,158.7457777777778,158.89607692307692,-1
2026-04-16 08:00:00,158.866,159.06,158.851,158.987,158.76455555555557,158.89457692307693,-1
2026-04-16 09:00:00,158.988,159.07,158.96,159.038,158.79855555555557,158.8986923076923,-1
2026-04-16 10:00:00,159.038,159.134,159.013,159.023,158.82844444444444,158.90803846153847,-1
2026-04-16 11:00:00,159.022,159.022,158.881,158.962,158.87844444444443,158.91049999999998,-1
2026-04-16 12:00:00,158.961,159.116,158.93,159.114,158.92755555555556,158.91573076923078,1
2026-04-16 13:00:00,159.114,159.308,158.99,159.218,158.98355555555557,158.92296153846155,1
2026-04-16 14:00:00,159.218,159.276,159.089,159.262,159.0293333333333,158.92888461538462,1
2026-04-16 15:00:00,159.264,159.285,159.075,159.076,159.06066666666666,158.93073076923076,1
2026-04-16 16:00:00,159.076,159.264,159.026,159.18,159.09555555555556,158.93807692307695,1
2026-04-16 17:00:00,159.178,159.292,159.172,159.256,159.12544444444444,158.94692307692307,1
2026-04-16 18:00:00,159.258,159.258,159.161,159.218,159.14544444444445,158.9597692307692,1
2026-04-16 19:00:00,159.22,159.22,159.099,159.175,159.16233333333332,158.96253846153846,1
2026-04-16 20:00:00,159.173,159.2,159.144,159.145,159.18266666666668,158.9671923076923,1
2026-04-16 21:00:00,159.182,159.192,159.112,159.152,159.1868888888889,158.9738846153846,1
2026-04-16 22:00:00,159.152,159.152,159.025,159.115,159.17544444444445,158.97949999999997,1
2026-04-16 23:00:00,159.114,159.23,159.088,159.206,159.1692222222222,158.98903846153846,1
2026-04-17 00:00:00,159.207,159.362,159.181,159.332,159.19766666666666,159.00657692307692,1
2026-04-17 01:00:00,159.332,159.43,159.302,159.363,159.218,159.02753846153843,1
2026-04-17 02:00:00,159.362,159.448,159.362,159.376,159.23133333333334,159.0523076923077,1
2026-04-17 03:00:00,159.376,159.467,159.367,159.39,159.25044444444444,159.07676923076923,1
2026-04-17 04:00:00,159.389,159.484,159.376,159.47,159.2832222222222,159.1136153846154,1
2026-04-17 05:00:00,159.472,159.532,159.454,159.48,159.32044444444443,159.14469230769234,1
2026-04-17 06:00:00,159.48,159.521,159.373,159.406,159.34866666666665,159.1713076923077,1
2026-04-17 07:00:00,159.406,159.406,159.278,159.28,159.367,159.18784615384615,1
2026-04-17 08:00:00,159.278,159.304,159.143,159.143,159.36,159.20126923076924,1
2026-04-17 09:00:00,159.143,159.19,159.008,159.043,159.32788888888888,159.20807692307693,1
2026-04-17 10:00:00,159.042,159.18,159.032,159.168,159.3062222222222,159.21503846153848,1
2026-04-17 11:00:00,159.168,159.228,159.143,159.176,159.284,159.22034615384615,1
2026-04-17 12:00:00,159.176,159.182,158.406,158.416,159.1757777777778,159.19699999999997,-1
2026-04-17 13:00:00,158.415,158.518,158.07,158.188,159.03333333333333,159.16723076923077,-1
2026-04-17 14:00:00,158.188,158.233,157.59,157.852,158.85244444444444,159.11869230769227,-1
2026-04-17 15:00:00,157.854,158.18,157.796,158.103,158.70766666666668,159.07580769230768,-1
2026-04-17 16:00:00,158.105,158.204,157.959,158.043,158.57022222222224,159.0289230769231,-1
2026-04-17 17:00:00,158.042,158.28,158.04,158.168,158.4618888888889,158.994,-1
2026-04-17 18:00:00,158.166,158.468,158.138,158.438,158.39466666666667,158.96546153846154,-1
2026-04-17 19:00:00,158.438,158.589,158.369,158.563,158.32744444444447,158.93880769230768,-1
2026-04-17 20:00:00,158.563,158.64,158.536,158.616,158.26522222222223,158.91565384615384,-1
2026-04-19 21:00:00,158.81,158.926,158.789,158.908,158.31988888888887,158.9053846153846,-1
2026-04-19 22:00:00,158.91,159.069,158.886,159.01,158.41122222222222,158.9001923076923,-1
2026-04-19 23:00:00,159.012,159.201,158.936,159.158,158.55633333333333,158.9004230769231,-1
2026-04-20 00:00:00,159.157,159.204,158.893,159.006,158.65666666666664,158.89623076923078,-1
2026-04-20 01:00:00,159.007,159.018,158.837,158.86,158.74744444444445,158.88292307692308,-1
2026-04-20 02:00:00,158.86,158.914,158.791,158.882,158.82677777777775,158.8656153846154,-1
2026-04-20 03:00:00,158.88,158.934,158.803,158.884,158.87633333333332,158.8471923076923,1
2026-04-20 04:00:00,158.884,158.948,158.846,158.898,158.91355555555555,158.8288076923077,1
2026-04-20 05:00:00,158.898,159.01,158.896,158.951,158.95077777777774,158.81192307692305,1
2026-04-20 06:00:00,158.95,158.998,158.822,158.872,158.94677777777778,158.78892307692306,1
2026-04-20 07:00:00,158.87,159.053,158.728,158.967,158.942,158.7691923076923,1
2026-04-20 08:00:00,158.968,159.076,158.918,158.983,158.92255555555556,158.75292307692308,1
2026-04-20 09:00:00,158.981,159.033,158.884,158.924,158.91344444444445,158.73923076923077,1
2026-04-20 10:00:00,158.923,158.975,158.86,158.913,158.91933333333333,158.7303846153846,1
2026-04-20 11:00:00,158.912,158.957,158.76,158.84,158.91466666666668,158.72257692307693,1
2026-04-20 12:00:00,158.842,158.973,158.812,158.88,158.91422222222224,158.7115,1
2026-04-20 13:00:00,158.88,158.938,158.568,158.635,158.885,158.69069230769233,1
2026-04-20 14:00:00,158.638,158.895,158.633,158.718,158.85911111111113,158.7023076923077,1
2026-04-20 15:00:00,158.718,158.79,158.552,158.672,158.8368888888889,158.72092307692307,1
2026-04-20 16:00:00,158.67,158.711,158.616,158.654,158.80211111111112,158.75176923076924,1
2026-04-20 17:00:00,158.652,158.77,158.61,158.756,158.7768888888889,158.7768846153846,1
2026-04-20 18:00:00,158.755,158.926,158.67,158.907,158.775,158.8101153846154,-1
2026-04-20 19:00:00,158.908,158.922,158.799,158.841,158.767,158.83599999999998,-1
2026-04-20 20:00:00,158.843,158.906,158.801,158.825,158.76533333333333,158.8508846153846,-1
2026-04-20 21:00:00,158.786,158.827,158.757,158.76,158.752,158.85846153846154,-1
2026-04-20 22:00:00,158.759,158.818,158.734,158.774,158.76744444444444,158.86453846153847,-1
2026-04-20 23:00:00,158.775,158.863,158.76,158.852,158.78233333333333,158.86238461538463,-1
2026-04-21 00:00:00,158.852,158.994,158.836,158.952,158.81344444444443,158.86015384615382,-1
2026-04-21 01:00:00,158.953,158.977,158.912,158.95,158.84633333333332,158.85215384615384,-1
2026-04-21 02:00:00,158.952,158.997,158.922,158.952,158.86811111111112,158.85007692307693,1
2026-04-21 03:00:00,158.954,158.993,158.931,158.986,158.87688888888886,158.8549230769231,1
2026-04-21 04:00:00,158.986,158.992,158.948,158.958,158.8898888888889,158.85784615384617,1
2026-04-21 05:00:00,158.958,158.96,158.85,158.908,158.8991111111111,158.8587692307692,1
2026-04-21 06:00:00,158.908,158.916,158.796,158.814,158.9051111111111,158.85553846153846,1
2026-04-21 07:00:00,158.816,159.025,158.802,159.024,158.9328888888889,158.85834615384616,1
2026-04-21 08:00:00,159.024,159.218,159.019,159.176,158.9688888888889,158.87003846153846,1
2026-04-21 09:00:00,159.175,159.256,159.106,159.202,158.99666666666667,158.87907692307692,1
2026-04-21 10:00:00,159.203,159.233,159.188,159.194,159.02377777777778,158.88719230769232,1
2026-04-21 11:00:00,159.194,159.251,159.042,159.048,159.03444444444443,158.89196153846154,1
2026-04-21 12:00:00,159.044,159.244,159.019,159.179,159.0558888888889,158.90219230769233,1
2026-04-21 13:00:00,159.18,159.198,159.018,159.092,159.07077777777778,158.91188461538462,1
2026-04-21 14:00:00,159.092,159.384,159.042,159.377,159.1228888888889,158.931,1
2026-04-21 15:00:00,159.378,159.444,159.28,159.397,159.18766666666664,158.96030769230768,1
2026-04-21 16:00:00,159.396,159.508,159.348,159.466,159.23677777777777,158.98907692307694,1
2026-04-21 17:00:00,159.466,159.617,159.168,159.325,159.25333333333333,159.0141923076923,1
2026-04-21 18:00:00,159.326,159.494,159.285,159.373,159.27233333333334,159.04184615384614,1
2026-04-21 19:00:00,159.372,159.642,159.23,159.612,159.31877777777777,159.07476923076922,1
2026-04-21 20:00:00,159.612,159.64,159.295,159.412,159.35922222222223,159.09419230769234,1
2026-04-21 21:00:00,159.378,159.449,159.342,159.402,159.38400000000001,159.11576923076922,1
2026-04-21 22:00:00,159.415,159.423,159.362,159.418,159.4202222222222,159.13857692307693,1
2026-04-21 23:00:00,159.418,159.46,159.364,159.384,159.421,159.16257692307693,1
2026-04-22 00:00:00,159.384,159.384,159.174,159.292,159.4093333333333,159.1825,1
2026-04-22 01:00:00,159.292,159.334,159.227,159.257,159.3861111111111,159.1980769230769,1
2026-04-22 02:00:00,159.256,159.374,159.25,159.357,159.38966666666664,159.21365384615382,1
2026-04-22 03:00:00,159.356,159.402,159.336,159.397,159.39233333333334,159.23084615384613,1
2026-04-22 04:00:00,159.398,159.398,159.298,159.344,159.36255555555556,159.24592307692308,1
2026-04-22 05:00:00,159.344,159.347,159.104,159.234,159.34277777777777,159.25546153846153,1
2026-04-22 06:00:00,159.234,159.26,159.13,159.131,159.31266666666664,159.2621153846154,1
2026-04-22 07:00:00,159.132,159.3,159.111,159.222,159.29088888888887,159.27419230769232,1
2026-04-22 08:00:00,159.224,159.37,159.202,159.356,159.2877777777778,159.29503846153847,-1
2026-04-22 09:00:00,159.358,159.373,159.315,159.344,159.29355555555557,159.30734615384614,-1
2026-04-22 10:00:00,159.344,159.372,159.216,159.23,159.29055555555556,159.30942307692308,-1
2026-04-22 11:00:00,159.23,159.282,159.196,159.25,159.27866666666668,159.31126923076923,-1
2026-04-22 12:00:00,159.25,159.364,159.15,159.36,159.27455555555557,159.31765384615386,-1
2026-04-22 13:00:00,159.361,159.369,159.112,159.176,159.2558888888889,159.32257692307692,-1
2026-04-22 14:00:00,159.176,159.396,159.142,159.394,159.27366666666666,159.33084615384615,-1
2026-04-22 15:00:00,159.395,159.513,159.368,159.5,159.31466666666668,159.34653846153847,-1
2026-04-22 16:00:00,159.499,159.532,159.448,159.508,159.34644444444447,159.35157692307692,-1
2026-04-22 17:00:00,159.505,159.523,159.429,159.443,159.35611111111112,159.35334615384616,1
2026-04-22 18:00:00,159.444,159.491,159.416,159.482,159.37144444444445,159.35396153846153,1
2026-04-22 19:00:00,159.483,159.554,159.464,159.548,159.4067777777778,159.36253846153843,1
2026-04-22 20:00:00,159.547,159.576,159.472,159.477,159.43200000000002,159.36653846153845,1
2026-04-22 21:00:00,159.495,159.51,159.387,159.463,159.44344444444445,159.36080769230767,1
2026-04-22 22:00:00,159.438,159.492,159.414,159.476,159.47677777777778,159.36326923076922,1
2026-04-22 23:00:00,159.475,159.502,159.44,159.49,159.48744444444444,159.36665384615387,1
2026-04-23 00:00:00,159.492,159.69,159.298,159.332,159.46877777777777,159.36334615384615,1
2026-04-23 01:00:00,159.329,159.421,159.295,159.382,159.45477777777776,159.36326923076922,1
2026-04-23 02:00:00,159.382,159.566,159.364,159.537,159.46522222222222,159.3726923076923,1
2026-04-23 03:00:00,159.536,159.551,159.474,159.547,159.47244444444445,159.38384615384615,1
2026-04-23 04:00:00,159.548,159.586,159.516,159.546,159.47222222222223,159.39111538461538,1
2026-04-23 05:00:00,159.546,159.604,159.514,159.536,159.47877777777776,159.39646153846155,1
2026-04-23 06:00:00,159.536,159.668,159.524,159.66,159.50066666666666,159.4086153846154,1
2026-04-23 07:00:00,159.662,159.7,159.598,159.601,159.51455555555557,159.42273076923078,1
2026-04-23 08:00:00,159.6,159.7,159.588,159.694,159.53722222222223,159.44438461538462,1
2026-04-23 09:00:00,159.696,159.742,159.654,159.734,159.58188888888887,159.4640769230769,1
2026-04-23 10:00:00,159.734,159.782,159.663,159.716,159.61900000000003,159.4779230769231,1
2026-04-23 11:00:00,159.717,159.752,159.5,159.554,159.6208888888889,159.48600000000002,1
2026-04-23 12:00:00,159.554,159.601,159.436,159.506,159.61633333333333,159.49661538461538,1
2026-04-23 13:00:00,159.506,159.625,159.468,159.576,159.61966666666666,159.50915384615385,1
2026-04-23 14:00:00,159.577,159.62,159.381,159.397,159.6042222222222,159.5105769230769,1
2026-04-23 15:00:00,159.398,159.49,159.315,159.444,159.58022222222223,159.5208846153846,1
2026-04-23 16:00:00,159.444,159.49,159.428,159.457,159.5642222222222,159.5233076923077,1
2026-04-23 17:00:00,159.456,159.847,159.453,159.562,159.54955555555554,159.52569230769234,1
2026-04-23 18:00:00,159.56,159.638,159.468,159.631,159.5381111111111,159.53042307692309,1
2026-04-23 19:00:00,159.633,159.758,159.606,159.699,159.53622222222222,159.54026923076924,-1
2026-04-23 20:00:00,159.701,159.758,159.69,159.749,159.5578888888889,159.55053846153848,1
2026-04-23 21:00:00,159.672,159.746,159.634,159.682,159.57744444444447,159.5556923076923,1
2026-04-23 22:00:00,159.682,159.73,159.662,159.704,159.59166666666667,159.56442307692308,1
2026-04-23 23:00:00,159.705,159.788,159.704,159.756,159.63155555555556,159.5756923076923,1
2026-04-24 00:00:00,159.756,159.81,159.679,159.794,159.67044444444446,159.5879230769231,1
2026-04-24 01:00:00,159.794,159.811,159.756,159.758,159.70388888888888,159.59823076923078,1
2026-04-24 02:00:00,159.758,159.798,159.752,159.772,159.72722222222222,159.61515384615387,1
2026-04-24 03:00:00,159.769,159.842,159.765,159.792,159.74511111111113,159.6309230769231,1
2026-04-24 04:00:00,159.792,159.8,159.728,159.778,159.75388888888887,159.6401923076923,1
2026-04-24 05:00:00,159.778,159.817,159.751,159.772,159.75644444444444,159.64884615384614,1
2026-04-24 06:00:00,159.772,159.795,159.604,159.688,159.75711111111113,159.65430769230767,1
2026-04-24 07:00:00,159.689,159.72,159.63,159.67,159.75333333333333,159.65946153846153,1
2026-04-24 08:00:00,159.67,159.758,159.663,159.721,159.74944444444446,159.66180769230772,1
2026-04-24 09:00:00,159.72,159.762,159.691,159.748,159.74433333333334,159.66746153846154,1
2026-04-24 10:00:00,159.748,159.773,159.646,159.654,159.73277777777776,159.6659230769231,1
2026-04-24 11:00:00,159.653,159.678,159.338,159.428,159.69455555555555,159.65415384615383,1
2026-04-24 12:00:00,159.428,159.624,159.376,159.554,159.6681111111111,159.6479230769231,1
2026-04-24 13:00:00,159.551,159.654,159.476,159.597,159.64800000000002,159.64957692307692,-1
2026-04-24 14:00:00,159.596,159.645,159.383,159.513,159.61922222222222,159.64984615384614,-1
2026-04-24 15:00:00,159.512,159.587,159.334,159.355,159.5822222222222,159.64134615384611,-1
2026-04-24 16:00:00,159.356,159.42,159.314,159.358,159.54755555555553,159.63984615384612,-1
2026-04-24 17:00:00,159.358,159.43,159.308,159.414,159.51344444444442,159.6386923076923,-1
2026-04-24 18:00:00,159.414,159.468,159.4,159.426,159.47766666666666,159.6375,-1
2026-04-24 19:00:00,159.425,159.45,159.376,159.418,159.45144444444446,159.63196153846155,-1
2026-04-24 20:00:00,159.421,159.429,159.332,159.348,159.44255555555554,159.62107692307694,-1
2026-04-26 21:00:00,159.565,159.601,159.53,159.567,159.444,159.616,-1
2026-04-26 22:00:00,159.545,159.592,159.515,159.546,159.43833333333333,159.60819230769232,-1
2026-04-26 23:00:00,159.544,159.598,159.508,159.584,159.44622222222222,159.60442307692307,-1
2026-04-27 00:00:00,159.583,159.584,159.45,159.481,159.46022222222223,159.59584615384617,-1
2026-04-27 01:00:00,159.48,159.48,159.254,159.333,159.45744444444443,159.57957692307693,-1
2026-04-27 02:00:00,159.332,159.368,159.27,159.302,159.44500000000002,159.56065384615385,-1
2026-04-27 03:00:00,159.302,159.314,159.192,159.229,159.42311111111113,159.5403076923077,-1
2026-04-27 04:00:00,159.227,159.261,159.152,159.238,159.40311111111112,159.51976923076924,-1
2026-04-27 05:00:00,159.238,159.42,159.234,159.412,159.41022222222222,159.50515384615386,-1
2026-04-27 06:00:00,159.414,159.482,159.26,159.265,159.37666666666667,159.48542307692307,-1
2026-04-27 07:00:00,159.267,159.304,159.187,159.23,159.34155555555557,159.46457692307692,-1
2026-04-27 08:00:00,159.23,159.27,159.112,159.151,159.29344444444442,159.44392307692306,-1
2026-04-27 09:00:00,159.152,159.234,159.096,159.224,159.2648888888889,159.42676923076925,-1
2026-04-27 10:00:00,159.225,159.274,159.132,159.151,159.24466666666666,159.40484615384614,-1
2026-04-27 11:00:00,159.152,159.214,159.105,159.196,159.23288888888888,159.38361538461538,-1
2026-04-27 12:00:00,159.196,159.235,159.108,159.229,159.23288888888888,159.36726923076924,-1
2026-04-27 13:00:00,159.23,159.287,159.146,159.261,159.23544444444445,159.36084615384618,-1
2026-04-27 14:00:00,159.261,159.292,159.108,159.219,159.214,159.34796153846156,-1
2026-04-27 15:00:00,159.218,159.314,159.214,159.297,159.21755555555555,159.3364230769231,-1
2026-04-27 16:00:00,159.296,159.388,159.278,159.387,159.235,159.33157692307694,-1
2026-04-27 17:00:00,159.388,159.464,159.348,159.388,159.26133333333334,159.33284615384616,-1
2026-04-27 18:00:00,159.388,159.454,159.388,159.447,159.2861111111111,159.3362692307692,-1
2026-04-27 19:00:00,159.446,159.448,159.369,159.422,159.31622222222222,159.33657692307693,-1
2026-04-27 20:00:00,159.422,159.431,159.388,159.425,159.34166666666667,159.33653846153845,1
2026-04-27 21:00:00,159.442,159.447,159.396,159.429,159.36388888888888,159.33696153846157,1
2026-04-27 22:00:00,159.424,159.464,159.389,159.408,159.38022222222222,159.33926923076922,1
2026-04-27 23:00:00,159.409,159.45,159.354,159.368,159.39677777777777,159.3316153846154,1
2026-04-28 00:00:00,159.368,159.486,159.31,159.47,159.41600000000003,159.32869230769228,1
2026-04-28 01:00:00,159.47,159.552,159.468,159.551,159.43422222222222,159.32742307692308,1
2026-04-28 02:00:00,159.558,159.568,159.49,159.518,159.44866666666667,159.32884615384617,1
2026-04-28 03:00:00,159.518,159.564,158.982,159.078,159.40766666666664,159.31903846153847,1
2026-04-28 04:00:00,159.076,159.09,158.96,159.084,159.37011111111113,159.31065384615385,1
2026-04-28 05:00:00,159.086,159.216,159.054,159.202,159.34533333333331,159.3096153846154,1
2026-04-28 06:00:00,159.202,159.36,159.032,159.354,159.33700000000002,159.31407692307693,1
2026-04-28 07:00:00,159.354,159.546,159.268,159.534,159.351,159.31876923076925,1
2026-04-28 08:00:00,159.534,159.69,159.457,159.476,159.363,159.3268846153846,1
2026-04-28 09:00:00,159.476,159.596,159.418,159.576,159.37477777777778,159.34019230769232,1
2026-04-28 10:00:00,159.574,159.648,159.536,159.635,159.3841111111111,159.3588076923077,1
2026-04-28 11:00:00,159.636,159.788,159.604,159.758,159.41077777777775,159.37934615384617,1
2026-04-28 12:00:00,159.758,159.787,159.416,159.464,159.45366666666666,159.3913846153846,1
2026-04-28 13:00:00,159.465,159.608,159.434,159.516,159.50166666666667,159.40369230769232,1
2026-04-28 14:00:00,159.516,159.751,159.508,159.723,159.55955555555556,159.4226923076923,1
2026-04-28 15:00:00,159.724,159.724,159.529,159.544,159.58066666666664,159.43357692307694,1
2026-04-28 16:00:00,159.544,159.625,159.508,159.56,159.58355555555556,159.44669230769233,1
2026-04-28 17:00:00,159.562,159.628,159.51,159.544,159.5911111111111,159.4561923076923,1
2026-04-28 18:00:00,159.542,159.629,159.518,159.623,159.59633333333335,159.46526923076922,1
2026-04-28 19:00:00,159.624,159.69,159.576,159.659,159.599,159.47569230769233,1
2026-04-28 20:00:00,159.66,159.664,159.594,159.616,159.58322222222222,159.48219230769232,1
2026-04-28 21:00:00,159.56,159.65,159.556,159.584,159.59655555555554,159.48842307692306,1
2026-04-28 22:00:00,159.586,159.608,159.57,159.572,159.6027777777778,159.49407692307693,1
2026-04-28 23:00:00,159.571,159.598,159.54,159.56,159.5846666666667,159.49911538461538,1
2026-04-29 00:00:00,159.558,159.596,159.52,159.55,159.58533333333332,159.50457692307694,1
2026-04-29 01:00:00,159.548,159.666,159.526,159.613,159.59122222222223,159.514,1
2026-04-29 02:00:00,159.613,159.634,159.572,159.625,159.60022222222221,159.51996153846156,1
2026-04-29 03:00:00,159.626,159.642,159.59,159.62,159.59988888888887,159.52261538461536,1
2026-04-29 04:00:00,159.618,159.65,159.618,159.638,159.59755555555557,159.52723076923075,1
2026-04-29 05:00:00,159.638,159.714,159.636,159.71,159.60800000000003,159.55153846153846,1
2026-04-29 06:00:00,159.712,159.738,159.608,159.659,159.61633333333333,159.57365384615383,1
2026-04-29 07:00:00,159.66,159.704,159.62,159.673,159.62755555555555,159.59176923076924,1
2026-04-29 08:00:00,159.672,159.789,159.64,159.784,159.65244444444446,159.60830769230768,1
2026-04-29 09:00:00,159.785,159.842,159.752,159.836,159.68422222222225,159.6199230769231,1
2026-04-29 10:00:00,159.836,159.84,159.75,159.756,159.7001111111111,159.6306923076923,1
2026-04-29 11:00:00,159.754,159.854,159.738,159.848,159.72488888888887,159.64115384615386,1
2026-04-29 12:00:00,159.849,159.98,159.816,159.978,159.76466666666667,159.65434615384615,1
2026-04-29 13:00:00,159.976,160.19,159.952,160.186,159.82555555555555,159.67080769230768,1
2026-04-29 14:00:00,160.186,160.204,160.011,160.102,159.8691111111111,159.69534615384615,1
2026-04-29 15:00:00,160.1,160.326,160.096,160.236,159.93322222222224,159.72303846153847,1
2026-04-29 16:00:00,160.236,160.32,160.172,160.312,160.0042222222222,159.7456923076923,1
2026-04-29 17:00:00,160.31,160.367,160.223,160.223,160.053,159.7718076923077,1
2026-04-29 18:00:00,160.213,160.43,160.166,160.348,160.1098888888889,159.8021153846154,1
2026-04-29 19:00:00,160.349,160.444,160.285,160.383,160.17955555555557,159.83438461538464,1
2026-04-29 20:00:00,160.384,160.478,160.357,160.449,160.24633333333333,159.86615384615385,1
2026-04-29 21:00:00,160.418,160.442,160.317,160.404,160.29366666666667,159.8948076923077,1
2026-04-29 22:00:00,160.394,160.441,160.326,160.332,160.30988888888888,159.92234615384615,1
2026-04-29 23:00:00,160.33,160.348,160.152,160.201,160.3208888888889,159.94607692307693,1
2026-04-30 00:00:00,160.2,160.304,160.074,160.296,160.32755555555553,159.97392307692309,1
2026-04-30 01:00:00,160.298,160.319,160.211,160.228,160.31822222222223,159.99961538461542,1
2026-04-30 02:00:00,160.23,160.402,160.214,160.344,160.33166666666668,160.03015384615384,1
2026-04-30 03:00:00,160.342,160.428,160.32,160.428,160.34055555555557,160.0615,1
2026-04-30 04:00:00,160.427,160.582,160.366,160.537,160.35766666666666,160.09657692307695,1
2026-04-30 05:00:00,160.536,160.659,160.465,160.658,160.3808888888889,160.1365,1
2026-04-30 06:00:00,160.657,160.726,160.537,160.612,160.404,160.17396153846155,1
2026-04-30 07:00:00,160.615,160.62,159.787,160.135,160.3821111111111,160.1903076923077,1
2026-04-30 08:00:00,160.136,160.18,159.454,159.588,160.314,160.1875769230769,1
2026-04-30 09:00:00,159.586,159.598,159.225,159.344,160.20822222222222,160.17492307692308,1
2026-04-30 10:00:00,159.344,159.356,156.988,157.175,159.869,160.07457692307693,-1
2026-04-30 11:00:00,157.172,157.472,155.556,156.379,159.42844444444444,159.94161538461537,-1
2026-04-30 12:00:00,156.378,157.111,156.347,156.824,159.028,159.82884615384617,-1
2026-04-30 13:00:00,156.824,156.962,156.202,156.924,158.62655555555557,159.7163846153846,-1
2026-04-30 14:00:00,156.93,156.961,156.464,156.678,158.1843333333333,159.58946153846153,-1
2026-04-30 15:00:00,156.678,156.834,156.604,156.662,157.74544444444444,159.4539230769231,-1
2026-04-30 16:00:00,156.662,156.742,156.51,156.579,157.35033333333334,159.31842307692307,-1
2026-04-30 17:00:00,156.578,156.701,156.428,156.486,157.00566666666668,159.1741923076923,-1
2026-04-30 18:00:00,156.485,156.486,156.315,156.414,156.68011111111113,159.02426923076925,-1
2026-04-30 19:00:00,156.418,156.57,156.308,156.568,156.61266666666666,158.88369230769234,-1
2026-04-30 20:00:00,156.566,156.633,156.51,156.624,156.6398888888889,158.74046153846155,-1
2026-04-30 21:00:00,156.51,156.654,156.51,156.585,156.61333333333334,158.5943846153846,-1
2026-04-30 22:00:00,156.582,156.75,156.573,156.666,156.58466666666666,158.44888461538463,-1
2026-04-30 23:00:00,156.668,157.023,156.645,156.991,156.61944444444444,158.31761538461538,-1
2026-05-01 00:00:00,156.99,157.307,156.967,157.082,156.66611111111112,158.19261538461538,-1
2026-05-01 01:00:00,157.083,157.258,157.049,157.202,156.73533333333336,158.07726923076922,-1
2026-05-01 02:00:00,157.2,157.33,157.13,157.237,156.81877777777777,157.95961538461538,-1
2026-05-01 03:00:00,157.234,157.292,156.992,157.188,156.90477777777778,157.8426923076923,-1
2026-05-01 04:00:00,157.188,157.28,157.112,157.247,156.98022222222224,157.72357692307693,-1
2026-05-01 05:00:00,157.248,157.302,157.203,157.28,157.05311111111112,157.6025,-1
2026-05-01 06:00:00,157.28,157.296,155.488,155.964,156.9841111111111,157.42661538461536,-1
2026-05-01 07:00:00,155.964,156.727,155.864,156.624,156.97944444444445,157.27146153846155,-1
2026-05-01 08:00:00,156.622,156.657,156.262,156.475,156.92211111111112,157.11234615384615,-1
2026-05-01 09:00:00,156.476,156.762,156.426,156.579,156.8662222222222,156.97557692307694,-1
2026-05-01 10:00:00,156.578,156.63,156.488,156.592,156.79844444444444,156.86034615384614,-1
2026-05-01 11:00:00,156.592,156.624,156.437,156.582,156.72566666666665,156.75411538461537,-1
2026-05-01 12:00:00,156.582,156.641,156.386,156.594,156.65966666666665,156.73176923076923,-1
2026-05-01 13:00:00,156.596,156.758,156.334,156.491,156.57566666666668,156.73607692307695,-1
2026-05-01 14:00:00,156.492,156.726,156.369,156.638,156.50433333333334,156.72892307692308,-1
2026-05-01 15:00:00,156.636,156.901,156.624,156.764,156.5932222222222,156.72276923076925,-1
2026-05-01 16:00:00,156.763,156.946,156.669,156.945,156.62888888888887,156.73303846153846,-1
2026-05-01 17:00:00,156.944,157.03,156.855,156.934,156.6798888888889,156.7435,-1
2026-05-01 18:00:00,156.934,157.122,156.914,157.016,156.72844444444445,156.7603076923077,-1
2026-05-01 19:00:00,157.016,157.092,157.002,157.062,156.78066666666666,156.78246153846155,-1
2026-05-01 20:00:00,157.062,157.112,156.965,157.088,156.8368888888889,156.80838461538463,1
2026-05-03 21:00:00,156.756,156.8,156.685,156.75,156.85422222222223,156.8153846153846,1
2026-05-03 22:00:00,156.749,156.932,156.689,156.836,156.89255555555556,156.82353846153848,1
2026-05-03 23:00:00,156.836,156.904,156.796,156.904,156.92211111111112,156.8358076923077,1
2026-05-04 00:00:00,156.904,156.996,156.87,156.91,156.93833333333336,156.84519230769232,1
2026-05-04 01:00:00,156.91,157.082,156.593,157.041,156.94899999999998,156.8471153846154,1
2026-05-04 02:00:00,157.04,157.199,157.026,157.126,156.97033333333331,156.8488076923077,1
2026-05-04 03:00:00,157.128,157.25,155.702,156.204,156.88011111111112,156.8104230769231,1
2026-05-04 04:00:00,156.206,156.792,156.137,156.731,156.84333333333333,156.79096153846154,1
2026-05-04 05:00:00,156.732,156.864,156.532,156.788,156.81,156.77557692307693,1
2026-05-04 06:00:00,156.783,156.942,156.736,156.928,156.8297777777778,156.7633076923077,1
2026-05-04 07:00:00,156.928,156.984,156.82,156.898,156.83666666666667,156.7486153846154,1
2026-05-04 08:00:00,156.898,156.98,156.888,156.953,156.8421111111111,156.78665384615385,1
2026-05-04 09:00:00,156.952,157.014,156.892,156.97,156.84877777777777,156.79996153846153,1
2026-05-04 10:00:00,156.97,157.204,156.962,157.116,156.8571111111111,156.82461538461538,1
2026-05-04 11:00:00,157.115,157.184,157.065,157.175,156.86255555555556,156.84753846153848,1
2026-05-04 12:00:00,157.174,157.184,157.023,157.14,156.96655555555557,156.8686153846154,1
2026-05-04 13:00:00,157.14,157.184,156.97,157.02,156.99866666666668,156.88546153846153,1
2026-05-04 14:00:00,157.02,157.158,156.926,157.092,157.03244444444445,156.9046153846154,1
2026-05-04 15:00:00,157.092,157.303,156.942,157.201,157.0627777777778,156.93192307692308,1
2026-05-04 16:00:00,157.202,157.305,157.14,157.27,157.10411111111114,156.95623076923079,1
2026-05-04 17:00:00,157.271,157.288,157.168,157.229,157.1347777777778,156.97411538461537,1
2026-05-04 18:00:00,157.23,157.28,156.545,156.744,157.10966666666667,156.9663846153846,1
2026-05-04 19:00:00,156.744,157.132,156.744,157.1,157.10788888888888,156.97276923076922,1
2026-05-04 20:00:00,157.102,157.288,157.1,157.25,157.11622222222223,156.98176923076923,1
2026-05-04 21:00:00,157.214,157.228,157.15,157.169,157.11944444444444,156.9858846153846,1
2026-05-04 22:00:00,157.171,157.276,157.146,157.232,157.143,156.99142307692307,1
2026-05-04 23:00:00,157.232,157.239,157.176,157.218,157.157,157.0094230769231,1
2026-05-05 00:00:00,157.219,157.258,157.17,157.214,157.15844444444443,157.02396153846155,1
2026-05-05 01:00:00,157.212,157.272,157.19,157.213,157.1521111111111,157.03584615384614,1
2026-05-05 02:00:00,157.212,157.236,157.188,157.222,157.15133333333333,157.04784615384617,1
2026-05-05 03:00:00,157.224,157.27,157.214,157.268,157.20955555555554,157.05657692307693,1
2026-05-05 04:00:00,157.269,157.305,157.238,157.289,157.23055555555555,157.06284615384615,1
2026-05-05 05:00:00,157.288,157.302,157.215,157.279,157.2337777777778,157.1041923076923,1
2026-05-05 06:00:00,157.278,157.3,157.196,157.226,157.2401111111111,157.12323076923076,1
2026-05-05 07:00:00,157.226,157.242,157.076,157.24,157.24099999999999,157.1406153846154,1
2026-05-05 08:00:00,157.24,157.287,157.208,157.28,157.2478888888889,157.15415384615383,1
2026-05-05 09:00:00,157.28,157.898,157.104,157.513,157.2811111111111,157.17780769230768,1
2026-05-05 10:00:00,157.514,157.672,157.49,157.62,157.3263333333333,157.20346153846154,1
2026-05-05 11:00:00,157.62,157.795,157.614,157.746,157.38455555555555,157.2333076923077,1
2026-05-05 12:00:00,157.747,157.841,157.64,157.77,157.44033333333334,157.25846153846155,1
2026-05-05 13:00:00,157.77,157.8,157.676,157.768,157.49355555555556,157.28126923076923,1
2026-05-05 14:00:00,157.766,157.83,157.674,157.682,157.53833333333333,157.30211538461538,1
2026-05-05 15:00:00,157.681,157.731,157.608,157.68,157.5887777777778,157.3275,1
2026-05-05 16:00:00,157.681,157.804,157.654,157.79,157.6498888888889,157.35434615384614,1
2026-05-05 17:00:00,157.792,157.886,157.77,157.851,157.7133333333333,157.37934615384614,1
2026-05-05 18:00:00,157.85,157.921,157.836,157.878,157.7538888888889,157.40273076923077,1
2026-05-05 19:00:00,157.878,157.918,157.862,157.882,157.783,157.42784615384616,1
2026-05-05 20:00:00,157.883,157.901,157.842,157.896,157.79966666666667,157.47215384615384,1
2026-05-05 21:00:00,157.888,157.908,157.878,157.907,157.8148888888889,157.5031923076923,1
2026-05-05 22:00:00,157.906,157.94,157.588,157.73,157.81066666666666,157.52165384615384,1
2026-05-05 23:00:00,157.726,157.735,157.544,157.677,157.8101111111111,157.5411923076923,1
2026-05-06 00:00:00,157.678,157.712,157.552,157.596,157.80077777777777,157.55519230769232,1
2026-05-06 01:00:00,157.597,157.7,157.578,157.698,157.79055555555556,157.57365384615383,1
2026-05-06 02:00:00,157.698,157.835,157.656,157.815,157.78655555555557,157.5967692307692,1
2026-05-06 03:00:00,157.815,157.894,157.724,157.778,157.77544444444442,157.6185,1
2026-05-06 04:00:00,157.78,157.828,155.032,155.94,157.55966666666666,157.5691923076923,-1
2026-05-06 05:00:00,155.942,156.392,155.756,156.322,157.3847777777778,157.5328076923077,-1
2026-05-06 06:00:00,156.322,156.458,156.306,156.392,157.21644444444442,157.4983076923077,-1
2026-05-06 07:00:00,156.388,156.567,155.732,155.82,157.0042222222222,157.4421923076923,-1
2026-05-06 08:00:00,155.819,156.294,155.758,155.982,156.8158888888889,157.39434615384616,-1
2026-05-06 09:00:00,155.982,156.11,155.917,155.926,156.63033333333334,157.34380769230768,-1
2026-05-06 10:00:00,155.928,156.125,155.615,155.758,156.41477777777777,157.28526923076922,-1
2026-05-06 11:00:00,155.758,156.108,155.702,156.088,156.2228888888889,157.23046153846153,-1
2026-05-06 12:00:00,156.086,156.303,156.086,156.281,156.05655555555555,157.17896153846152,-1
2026-05-06 13:00:00,156.282,156.318,156.054,156.12,156.07655555555556,157.11642307692307,-1
2026-05-06 14:00:00,156.12,156.298,156.05,156.282,156.0721111111111,157.05919230769229,-1
2026-05-06 15:00:00,156.283,156.46,156.27,156.44,156.07744444444447,157.00811538461537,-1
2026-05-06 16:00:00,156.442,156.49,156.366,156.43,156.14522222222223,156.95996153846153,-1
2026-05-06 17:00:00,156.43,156.515,156.358,156.488,156.20144444444443,156.9141153846154,-1
2026-05-06 18:00:00,156.488,156.49,156.358,156.406,156.2547777777778,156.86088461538463,-1
2026-05-06 19:00:00,156.405,156.444,156.352,156.422,156.32855555555554,156.80592307692308,-1
2026-05-06 20:00:00,156.424,156.456,156.298,156.37,156.3598888888889,156.7479230769231,-1
2026-05-06 21:00:00,156.351,156.36,156.251,156.26,156.35755555555556,156.68553846153844,-1
2026-05-06 22:00:00,156.25,156.385,156.248,156.341,156.3821111111111,156.62573076923078,-1
2026-05-06 23:00:00,156.342,156.528,156.283,156.522,156.4087777777778,156.57246153846154,-1
2026-05-07 00:00:00,156.522,156.527,156.219,156.323,156.39577777777777,156.51834615384615,-1
2026-05-07 01:00:00,156.323,156.355,156.024,156.218,156.3722222222222,156.46223076923076,-1
2026-05-07 02:00:00,156.219,156.354,156.153,156.338,156.35555555555555,156.41384615384615,-1
2026-05-07 03:00:00,156.337,156.437,156.31,156.417,156.35677777777775,156.36457692307692,-1
2026-05-07 04:00:00,156.417,156.422,156.31,156.358,156.34966666666665,156.30853846153846,1
2026-05-07 05:00:00,156.358,156.4,156.304,156.374,156.35011111111112,156.25453846153846,1
2026-05-07 06:00:00,156.374,156.414,156.106,156.288,156.35322222222223,156.26792307692307,1
2026-05-07 07:00:00,156.288,156.294,156.022,156.264,156.34466666666668,156.2656923076923,1
2026-05-07 08:00:00,156.264,156.341,156.185,156.327,156.32299999999998,156.26319230769232,1
2026-05-07 09:00:00,156.328,156.419,156.304,156.374,156.32866666666666,156.2845,1
2026-05-07 10:00:00,156.375,156.404,156.286,156.398,156.34866666666665,156.3005,1
2026-05-07 11:00:00,156.398,156.476,156.348,156.406,156.35622222222224,156.31896153846154,1
2026-05-07 12:00:00,156.405,156.424,156.243,156.286,156.34166666666667,156.33926923076925,1
2026-05-07 13:00:00,156.286,156.409,156.256,156.341,156.33977777777778,156.349,-1
2026-05-07 14:00:00,156.342,156.407,156.169,156.253,156.3263333333333,156.34792307692308,-1
2026-05-07 15:00:00,156.254,156.514,156.248,156.484,156.34811111111108,156.3619230769231,-1
2026-05-07 16:00:00,156.484,156.648,156.472,156.636,156.38944444444445,156.37553846153847,1
2026-05-07 17:00:00,156.636,156.864,156.628,156.67,156.42755555555556,156.38438461538462,1
2026-05-07 18:00:00,156.668,156.867,156.608,156.747,156.469,156.39657692307694,1
2026-05-07 19:00:00,156.746,156.88,156.688,156.876,156.52211111111112,156.4115,1
2026-05-07 20:00:00,156.876,156.956,156.75,156.938,156.5812222222222,156.43196153846154,1
2026-05-07 21:00:00,156.885,156.922,156.746,156.855,156.64444444444447,156.44861538461538,1
2026-05-07 22:00:00,156.856,156.958,156.848,156.894,156.7058888888889,156.46876923076923,1
2026-05-07 23:00:00,156.894,156.918,156.823,156.852,156.77244444444443,156.49153846153845,1
2026-05-08 00:00:00,156.851,156.992,156.815,156.97,156.82644444444443,156.51573076923074,1
2026-05-08 01:00:00,156.97,156.978,156.856,156.905,156.8563333333333,156.53046153846154,1
2026-05-08 02:00:00,156.904,156.962,156.874,156.892,156.881,156.55234615384614,1
2026-05-08 03:00:00,156.891,156.897,156.77,156.839,156.8912222222222,156.5762307692308,1
2026-05-08 04:00:00,156.839,156.904,156.828,156.849,156.88822222222223,156.59588461538462,1
2026-05-08 05:00:00,156.85,156.886,156.812,156.837,156.87699999999998,156.61203846153848,1
2026-05-08 06:00:00,156.836,156.849,156.714,156.833,156.87455555555556,156.6303076923077,1
2026-05-08 07:00:00,156.833,156.854,156.742,156.834,156.86788888888887,156.648,1
2026-05-08 08:00:00,156.834,156.859,156.637,156.706,156.85166666666666,156.66407692307692,1
2026-05-08 09:00:00,156.706,156.713,156.63,156.681,156.81955555555555,156.6801153846154,1
2026-05-08 10:00:00,156.68,156.788,156.655,156.774,156.80499999999998,156.69730769230767,1
2026-05-08 11:00:00,156.775,156.79,156.728,156.75,156.78922222222224,156.71176923076922,1
2026-05-08 12:00:00,156.751,156.832,156.522,156.642,156.76733333333334,156.72115384615384,1
2026-05-08 13:00:00,156.642,156.704,156.434,156.526,156.73144444444446,156.72576923076923,1
2026-05-08 14:00:00,156.524,156.668,156.504,156.628,156.70822222222222,156.73892307692307,-1
2026-05-08 15:00:00,156.628,156.672,156.556,156.647,156.68755555555558,156.7506923076923,-1
2026-05-08 16:00:00,156.648,156.706,156.6,156.7,156.67266666666666,156.76788461538462,-1
2026-05-08 17:00:00,156.7,156.718,156.614,156.69,156.6708888888889,156.7758076923077,-1
2026-05-08 18:00:00,156.69,156.75,156.592,156.696,156.67255555555553,156.77811538461538,-1
2026-05-08 19:00:00,156.697,156.778,156.674,156.732,156.66788888888888,156.7805,-1
2026-05-08 20:00:00,156.732,156.759,156.656,156.686,156.66077777777778,156.77815384615386,-1
2026-05-10 21:00:00,156.61,156.742,156.557,156.742,156.6718888888889,156.773,-1
2026-05-10 22:00:00,156.74,156.962,156.733,156.9,156.71344444444446,156.77153846153846,-1
2026-05-10 23:00:00,156.899,156.903,156.834,156.868,156.7401111111111,156.77203846153844,-1
2026-05-11 00:00:00,156.87,157.064,156.835,156.936,156.77222222222224,156.77365384615385,-1
2026-05-11 01:00:00,156.937,157.099,156.924,157.096,156.81622222222222,156.78303846153847,1
2026-05-11 02:00:00,157.095,157.152,157.056,157.144,156.86666666666667,156.78973076923077,1
2026-05-11 03:00:00,157.144,157.176,157.094,157.159,156.91811111111113,156.7995,1
2026-05-11 04:00:00,157.16,157.163,157.092,157.125,156.96177777777777,156.80846153846153,1
2026-05-11 05:00:00,157.126,157.148,157.069,157.138,157.012,156.81996153846154,1
2026-05-11 06:00:00,157.138,157.152,156.99,157.001,157.04077777777778,156.8258076923077,1
2026-05-11 07:00:00,157.0,157.136,156.992,157.124,157.06566666666666,156.83684615384615,1
2026-05-11 08:00:00,157.124,157.147,156.949,157.09,157.09033333333335,156.84673076923076,1
2026-05-11 09:00:00,157.09,157.148,157.072,157.145,157.11355555555556,156.8586923076923,1
2026-05-11 10:00:00,157.146,157.162,157.084,157.144,157.1188888888889,156.87553846153847,1
2026-05-11 11:00:00,157.145,157.148,157.072,157.12,157.11622222222223,156.89242307692308,1
2026-05-11 12:00:00,157.121,157.141,157.064,157.119,157.11177777777777,156.9056923076923,1
2026-05-11 13:00:00,157.118,157.13,157.0,157.035,157.10177777777778,156.91665384615385,1
2026-05-11 14:00:00,157.035,157.098,156.98,157.0,157.08644444444445,156.93042307692306,1
2026-05-11 15:00:00,157.002,157.073,156.984,157.048,157.09166666666667,156.9505,1
2026-05-11 16:00:00,157.048,157.165,157.034,157.16,157.0956666666667,156.97096153846152,1
2026-05-11 17:00:00,157.159,157.214,157.106,157.112,157.0981111111111,156.98884615384617,1
2026-05-11 18:00:00,157.116,157.21,157.094,157.206,157.1048888888889,157.00830769230768,1
2026-05-11 19:00:00,157.206,157.27,157.2,157.243,157.1158888888889,157.02957692307695,1
2026-05-11 20:00:00,157.244,157.273,157.208,157.226,157.12766666666664,157.04996153846153,1
2026-05-11 21:00:00,157.161,157.221,157.15,157.159,157.1321111111111,157.0663846153846,1
2026-05-11 22:00:00,157.163,157.21,157.154,157.198,157.15022222222223,157.08607692307692,1
2026-05-11 23:00:00,157.197,157.248,157.188,157.242,157.17711111111112,157.1053076923077,1
2026-05-12 00:00:00,157.242,157.436,157.241,157.422,157.21866666666668,157.12538461538463,1
2026-05-12 01:00:00,157.422,157.587,157.376,157.538,157.26066666666668,157.15115384615385,1
2026-05-12 02:00:00,157.538,157.655,157.53,157.59,157.31377777777777,157.1763076923077,1
2026-05-12 03:00:00,157.59,157.641,157.548,157.613,157.359,157.19619230769231,1
2026-05-12 04:00:00,157.615,157.641,157.552,157.586,157.39711111111112,157.21319230769228,1
2026-05-12 05:00:00,157.587,157.751,156.726,157.308,157.40622222222223,157.2189230769231,1
2026-05-12 06:00:00,157.309,157.528,157.053,157.514,157.44566666666665,157.23388461538462,1
2026-05-12 07:00:00,157.514,157.572,157.391,157.508,157.4801111111111,157.24811538461537,1
2026-05-12 08:00:00,157.508,157.657,157.489,157.619,157.522,157.2718846153846,1
2026-05-12 09:00:00,157.62,157.668,157.538,157.564,157.53777777777776,157.2888076923077,1
2026-05-12 10:00:00,157.564,157.617,157.496,157.562,157.54044444444446,157.30696153846154,1
2026-05-12 11:00:00,157.562,157.606,157.501,157.574,157.53866666666667,157.32346153846154,1
2026-05-12 12:00:00,157.573,157.646,157.518,157.554,157.5321111111111,157.33923076923077,1
2026-05-12 13:00:00,157.555,157.667,157.482,157.651,157.53933333333333,157.35965384615386,1
2026-05-12 14:00:00,157.65,157.701,157.574,157.624,157.57444444444445,157.37907692307692,1
2026-05-12 15:00:00,157.624,157.754,157.612,157.715,157.5967777777778,157.40523076923077,1
2026-05-12 16:00:00,157.714,157.766,157.678,157.752,157.6238888888889,157.43415384615383,1
2026-05-12 17:00:00,157.753,157.754,157.682,157.695,157.63233333333335,157.45903846153846,1
2026-05-12 18:00:00,157.696,157.726,157.586,157.596,157.63588888888887,157.47580769230768,1
2026-05-12 19:00:00,157.597,157.64,157.519,157.638,157.64433333333332,157.49603846153846,1
2026-05-12 20:00:00,157.633,157.662,157.596,157.615,157.6488888888889,157.51176923076923,1
2026-05-12 21:00:00,157.611,157.64,157.582,157.591,157.653,157.52515384615387,1
2026-05-12 22:00:00,157.589,157.624,157.58,157.601,157.64744444444443,157.53957692307694,1
2026-05-12 23:00:00,157.6,157.678,157.562,157.672,157.65277777777777,157.5593076923077,1
2026-05-13 00:00:00,157.674,157.77,157.636,157.712,157.65244444444446,157.57907692307694,1
2026-05-13 01:00:00,157.712,157.783,157.566,157.653,157.64144444444446,157.59488461538461,1
2026-05-13 02:00:00,157.654,157.729,157.602,157.658,157.63733333333332,157.60396153846153,1
2026-05-13 03:00:00,157.658,157.688,157.626,157.681,157.64677777777777,157.60946153846152,1
2026-05-13 04:00:00,157.682,157.752,157.672,157.72,157.65588888888888,157.6144615384615,1
2026-05-13 05:00:00,157.721,157.738,157.686,157.686,157.66377777777777,157.61726923076924,1
2026-05-13 06:00:00,157.687,157.79,157.686,157.772,157.68388888888887,157.6244230769231,1
2026-05-13 07:00:00,157.775,157.848,157.678,157.834,157.70977777777776,157.64465384615386,1
2026-05-13 08:00:00,157.836,157.845,157.752,157.809,157.725,157.656,1
2026-05-13 09:00:00,157.81,157.898,157.785,157.841,157.73933333333332,157.6688076923077,1
2026-05-13 10:00:00,157.842,157.858,157.78,157.814,157.7572222222222,157.6763076923077,1
2026-05-13 11:00:00,157.814,157.838,157.746,157.766,157.76922222222223,157.68407692307693,1
2026-05-13 12:00:00,157.766,157.911,157.756,157.848,157.78777777777776,157.69507692307693,1
2026-05-13 13:00:00,157.847,157.864,157.759,157.775,157.7938888888889,157.7028076923077,1
2026-05-13 14:00:00,157.776,157.898,157.757,157.863,157.81355555555558,157.71469230769227,1
2026-05-13 15:00:00,157.862,157.878,157.776,157.836,157.82066666666668,157.7218076923077,1
2026-05-13 16:00:00,157.837,157.863,157.748,157.856,157.82311111111113,157.73073076923077,1
2026-05-13 17:00:00,157.854,157.926,157.834,157.924,157.83588888888892,157.7387692307692,1
2026-05-13 18:00:00,157.924,157.926,157.856,157.896,157.84199999999998,157.7443076923077,1
2026-05-13 19:00:00,157.895,157.903,157.839,157.872,157.84844444444445,157.75111538461536,1
2026-05-13 20:00:00,157.873,157.904,157.864,157.894,157.86266666666668,157.76257692307692,1
2026-05-13 21:00:00,157.855,157.882,157.689,157.86,157.864,157.77111538461537,1
2026-05-13 22:00:00,157.848,157.86,157.794,157.811,157.868,157.77865384615384,1
2026-05-13 23:00:00,157.812,157.864,157.781,157.86,157.86766666666665,157.78900000000002,1
2026-05-14 00:00:00,157.862,157.874,157.808,157.854,157.86966666666666,157.79873076923076,1
2026-05-14 01:00:00,157.855,157.922,157.848,157.912,157.87588888888888,157.80796153846157,1
2026-05-14 02:00:00,157.913,157.953,157.888,157.924,157.87588888888888,157.8161153846154,1
2026-05-14 03:00:00,157.923,157.998,157.92,157.972,157.88433333333333,157.82838461538464,1
2026-05-14 04:00:00,157.972,157.976,157.509,157.868,157.8838888888889,157.83646153846155,1
2026-05-14 05:00:00,157.87,157.948,157.864,157.909,157.88555555555556,157.84523076923077,1
2026-05-14 06:00:00,157.91,157.916,157.808,157.846,157.88400000000001,157.85007692307693,1
2026-05-14 07:00:00,157.848,157.938,157.822,157.916,157.89566666666667,157.85892307692308,1
2026-05-14 08:00:00,157.916,157.951,157.853,157.902,157.90033333333335,157.8639230769231,1
2026-05-14 09:00:00,157.902,157.932,157.886,157.913,157.9068888888889,157.86696153846154,1
2026-05-14 10:00:00,157.912,157.944,157.876,157.935,157.90944444444443,157.8718076923077,1
2026-05-14 11:00:00,157.934,157.978,157.91,157.974,157.915,157.87692307692308,1
2026-05-14 12:00:00,157.974,157.995,157.904,157.971,157.91488888888887,157.88296153846156,1
2026-05-14 13:00:00,157.972,158.172,157.313,157.91,157.91955555555558,157.88850000000002,1
2026-05-14 14:00:00,157.912,158.156,157.844,158.156,157.947,157.90034615384613,1
2026-05-14 15:00:00,158.156,158.194,158.08,158.089,157.974,157.91242307692306,1
2026-05-14 16:00:00,158.09,158.206,158.082,158.168,158.002,157.92415384615384,1
2026-05-14 17:00:00,158.167,158.202,158.136,158.194,158.03444444444443,157.93792307692308,1
2026-05-14 18:00:00,158.194,158.207,158.17,158.188,158.065,157.9506923076923,1
2026-05-14 19:00:00,158.186,158.384,158.169,158.359,158.11211111111112,157.9674230769231,1
2026-05-14 20:00:00,158.359,158.423,158.344,158.384,158.15766666666667,157.98619230769233,1
2026-05-14 21:00:00,158.336,158.377,158.302,158.35,158.19977777777777,158.0045769230769,1
2026-05-14 22:00:00,158.352,158.393,158.337,158.382,158.25222222222223,158.02334615384615,1
2026-05-14 23:00:00,158.38,158.441,158.326,158.386,158.27777777777777,158.04357692307693,1
2026-05-15 00:00:00,158.388,158.515,158.324,158.471,158.32022222222224,158.06896153846154,1
2026-05-15 01:00:00,158.47,158.566,158.425,158.532,158.36066666666665,158.0948076923077,1
2026-05-15 02:00:00,158.533,158.593,158.446,158.526,158.39755555555556,158.12065384615383,1
2026-05-15 03:00:00,158.527,158.532,158.48,158.49,158.4311111111111,158.14288461538462,1
2026-05-15 04:00:00,158.49,158.525,158.478,158.516,158.44855555555557,158.16565384615384,1
2026-05-15 05:00:00,158.516,158.646,158.516,158.612,158.47388888888887,158.19026923076925,1
2026-05-15 06:00:00,158.612,158.676,158.43,158.431,158.48288888888888,158.21192307692309,1
2026-05-15 07:00:00,158.434,158.486,158.354,158.451,158.49055555555555,158.2327692307692,1
2026-05-15 08:00:00,158.448,158.577,158.405,158.561,158.51000000000002,158.2602692307692,1
2026-05-15 09:00:00,158.56,158.606,158.466,158.516,158.515,158.28334615384617,1
2026-05-15 10:00:00,158.516,158.536,158.294,158.368,158.49677777777777,158.30126923076926,1
2026-05-15 11:00:00,158.368,158.588,158.361,158.574,158.5021111111111,158.32669230769233,1
2026-05-15 12:00:00,158.575,158.584,158.51,158.574,158.51144444444446,158.35126923076922,1
2026-05-15 13:00:00,158.572,158.745,158.534,158.69,158.53077777777779,158.3788076923077,1
2026-05-15 14:00:00,158.691,158.742,158.592,158.592,158.52855555555556,158.40269230769232,1
2026-05-15 15:00:00,158.593,158.747,158.55,158.698,158.55822222222224,158.433,1
2026-05-15 16:00:00,158.696,158.736,158.666,158.708,158.58677777777777,158.45423076923075,1
2026-05-15 17:00:00,158.707,158.729,158.644,158.729,158.60544444444443,158.47884615384615,1
2026-05-15 18:00:00,158.728,158.754,158.702,158.704,158.62633333333335,158.49946153846153,1
2026-05-15 19:00:00,158.704,158.786,158.694,158.774,158.67144444444446,158.52176923076922,1
2026-05-15 20:00:00,158.774,158.847,158.737,158.776,158.6938888888889,158.54438461538464,1
2026-05-17 21:00:00,158.68,158.778,158.611,158.666,158.7041111111111,158.55619230769233,1
2026-05-17 22:00:00,158.659,158.828,158.659,158.79,158.71522222222222,158.5718076923077,1
2026-05-17 23:00:00,158.791,158.885,158.766,158.854,158.74433333333334,158.59119230769232,1
2026-05-18 00:00:00,158.853,158.956,158.805,158.934,158.77055555555555,158.6124230769231,1
2026-05-18 01:00:00,158.934,158.956,158.868,158.934,158.79566666666665,158.63349999999997,1
2026-05-18 02:00:00,158.933,158.95,158.89,158.915,158.81633333333335,158.65057692307693,1
2026-05-18 03:00:00,158.916,159.058,158.907,159.036,158.8532222222222,158.66996153846154,1
2026-05-18 04:00:00,159.038,159.075,158.808,158.986,158.8767777777778,158.68765384615384,1
2026-05-18 05:00:00,158.986,159.001,158.905,158.948,158.89588888888886,158.70526923076926,1
2026-05-18 06:00:00,158.947,158.953,158.838,158.896,158.92144444444446,158.71988461538461,1
2026-05-18 07:00:00,158.895,158.986,158.806,158.922,158.9361111111111,158.73180769230768,1
2026-05-18 08:00:00,158.922,158.934,158.792,158.827,158.9331111111111,158.74703846153847,1
2026-05-18 09:00:00,158.826,158.936,158.826,158.936,158.93333333333334,158.7656923076923,1
2026-05-18 10:00:00,158.936,158.952,158.899,158.93,158.9328888888889,158.77988461538462,1
2026-05-18 11:00:00,158.928,158.96,158.684,158.837,158.92422222222226,158.79223076923077,1
2026-05-18 12:00:00,158.838,158.845,158.612,158.69,158.88577777777778,158.80461538461537,1
2026-05-18 13:00:00,158.691,158.783,158.646,158.748,158.85933333333332,158.8113076923077,1
2026-05-18 14:00:00,158.746,158.916,158.73,158.842,158.84755555555557,158.8216153846154,1
2026-05-18 15:00:00,158.844,158.94,158.802,158.834,158.84066666666664,158.82715384615386,1
2026-05-18 16:00:00,158.834,158.946,158.774,158.932,158.8417777777778,158.84023076923074,1
2026-05-18 17:00:00,158.932,158.952,158.89,158.916,158.85166666666666,158.84861538461539,1
2026-05-18 18:00:00,158.914,159.078,158.914,159.078,158.86744444444446,158.86284615384616,1
2026-05-18 19:00:00,159.076,159.082,158.81,158.888,158.86277777777775,158.86896153846152,-1
2026-05-18 20:00:00,158.887,158.887,158.746,158.858,158.8651111111111,158.87488461538462,-1
2026-05-18 21:00:00,158.832,158.846,158.757,158.774,158.87444444444446,158.87488461538462,-1
2026-05-18 22:00:00,158.751,158.834,158.75,158.832,158.88377777777777,158.87703846153846,1
2026-05-18 23:00:00,158.833,158.874,158.804,158.872,158.8871111111111,158.88496153846154,1
2026-05-19 00:00:00,158.872,159.022,158.858,159.012,158.9068888888889,158.8935,1
2026-05-19 01:00:00,159.013,159.031,158.892,158.983,158.91255555555557,158.89846153846153,1
2026-05-19 02:00:00,158.984,159.008,158.95,158.967,158.9182222222222,158.89973076923076,1
2026-05-19 03:00:00,158.968,158.993,158.928,158.956,158.90466666666666,158.90057692307693,1
2026-05-19 04:00:00,158.955,159.008,158.922,158.996,158.91666666666666,158.90369230769232,1
2026-05-19 05:00:00,158.996,159.034,158.952,159.007,158.93322222222224,158.9025769230769,1
2026-05-19 06:00:00,159.008,159.114,159.005,159.074,158.96655555555557,158.90596153846155,1
2026-05-19 07:00:00,159.076,159.144,159.006,159.044,158.9901111111111,158.90965384615384,1
2026-05-19 08:00:00,159.043,159.148,159.006,159.142,159.0201111111111,158.9191153846154,1
2026-05-19 09:00:00,159.142,159.174,159.067,159.102,159.03011111111113,158.92603846153847,1
2026-05-19 10:00:00,159.104,159.18,159.056,159.094,159.0424444444444,158.9363076923077,1
2026-05-19 11:00:00,159.094,159.146,159.076,159.133,159.06088888888888,158.94388461538463,1
2026-05-19 12:00:00,159.134,159.142,158.649,159.07,159.07355555555557,158.94926923076926,1
2026-05-19 13:00:00,159.068,159.194,158.922,159.047,159.07922222222223,158.95734615384617,1
2026-05-19 14:00:00,159.048,159.252,158.994,159.07,159.08622222222223,158.97196153846153,1
2026-05-19 15:00:00,159.07,159.172,158.96,159.118,159.0911111111111,158.9861923076923,1
2026-05-19 16:00:00,159.118,159.176,158.779,158.824,159.0666666666667,158.98549999999997,1
2026-05-19 17:00:00,158.824,158.889,158.786,158.864,159.03577777777778,158.98665384615384,1
2026-05-19 18:00:00,158.862,159.09,158.858,159.045,159.02944444444444,158.99099999999999,1
2026-05-19 19:00:00,159.048,159.08,158.996,159.056,159.02522222222223,158.9963846153846,1
2026-05-19 20:00:00,159.057,159.108,159.046,159.08,159.01933333333332,158.99646153846155,1
2026-05-19 21:00:00,159.07,159.09,159.043,159.066,159.01888888888888,159.00330769230771,1
2026-05-19 22:00:00,159.066,159.108,159.056,159.07,159.02144444444446,159.01146153846153,1
2026-05-19 23:00:00,159.07,159.074,158.995,159.047,159.01888888888888,159.02196153846154,-1
2026-05-20 00:00:00,159.046,159.104,158.954,158.999,159.00566666666666,159.02838461538462,-1
2026-05-20 01:00:00,158.998,159.094,158.974,159.037,159.0293333333333,159.03473076923078,-1
2026-05-20 02:00:00,159.036,159.046,158.84,158.926,159.03622222222222,159.0314230769231,1
2026-05-20 03:00:00,158.926,158.954,158.856,158.874,159.01722222222222,159.02723076923078,-1
2026-05-20 04:00:00,158.874,159.004,158.821,158.981,159.0088888888889,159.02776923076922,-1
2026-05-20 05:00:00,158.984,158.995,158.918,158.972,158.9968888888889,159.02838461538462,-1
2026-05-20 06:00:00,158.974,159.003,158.871,158.98,158.98733333333334,159.02776923076922,-1
2026-05-20 07:00:00,158.98,159.068,158.929,159.067,158.98699999999997,159.03007692307693,-1
2026-05-20 08:00:00,159.068,159.102,159.019,159.045,158.98677777777777,159.02896153846152,-1
2026-05-20 09:00:00,159.044,159.08,158.992,159.069,158.99455555555556,159.0299230769231,-1
2026-05-20 10:00:00,159.07,159.072,158.959,159.0,158.99044444444445,159.02446153846157,-1
2026-05-20 11:00:00,159.0,159.054,158.972,159.036,159.00266666666667,159.02192307692306,-1
2026-05-20 12:00:00,159.036,159.045,158.987,159.016,159.01844444444444,159.01892307692307,-1
2026-05-20 13:00:00,159.017,159.116,159.005,159.104,159.0321111111111,159.01780769230768,1
2026-05-20 14:00:00,159.104,159.168,158.79,158.872,159.02100000000002,159.0101923076923,1
2026-05-20 15:00:00,158.87,158.925,158.588,158.846,159.00611111111112,159.00246153846155,1
2026-05-20 16:00:00,158.847,158.916,158.754,158.836,158.98044444444446,158.99346153846153,-1
2026-05-20 17:00:00,158.836,158.935,158.815,158.916,158.9661111111111,158.9856923076923,-1
2026-05-20 18:00:00,158.924,158.962,158.796,158.842,158.9408888888889,158.9863846153846,-1
2026-05-20 19:00:00,158.844,158.899,158.782,158.859,158.92522222222223,158.9861923076923,-1
2026-05-20 20:00:00,158.858,158.937,158.848,158.934,158.9138888888889,158.98192307692307,-1
2026-05-20 21:00:00,158.914,158.918,158.841,158.87,158.89766666666668,158.97476923076923,-1
2026-05-20 22:00:00,158.868,158.888,158.838,158.856,158.87011111111113,158.96615384615384,-1
2026-05-20 23:00:00,158.856,158.927,158.828,158.89,158.8721111111111,158.95938461538464,-1
2026-05-21 00:00:00,158.892,158.933,158.85,158.866,158.87433333333334,158.95153846153846,-1
2026-05-21 01:00:00,158.865,158.902,158.808,158.888,158.88011111111112,158.94542307692308,-1
2026-05-21 02:00:00,158.888,158.98,158.852,158.976,158.88677777777778,158.94453846153846,-1
2026-05-21 03:00:00,158.977,158.986,158.922,158.97,158.90099999999998,158.94196153846153,-1
2026-05-21 04:00:00,158.97,159.004,158.947,158.998,158.91644444444444,158.94473076923077,-1
2026-05-21 05:00:00,158.998,159.05,158.977,159.01,158.9248888888889,158.94996153846157,-1
2026-05-21 06:00:00,159.011,159.074,158.99,159.062,158.94622222222222,158.9530769230769,-1
2026-05-21 07:00:00,159.064,159.088,158.998,159.03,158.96555555555557,158.95530769230768,1
2026-05-21 08:00:00,159.03,159.032,158.903,158.981,158.97566666666668,158.95534615384616,1
2026-05-21 09:00:00,158.982,158.992,158.912,158.976,158.98788888888888,158.95184615384616,1
2026-05-21 10:00:00,158.976,159.14,158.961,159.126,159.01433333333333,158.95496153846153,1
2026-05-21 11:00:00,159.126,159.17,159.044,159.157,159.03444444444446,158.95834615384618,1
2026-05-21 12:00:00,159.158,159.188,159.091,159.162,159.05577777777776,158.96457692307692,1
2026-05-21 13:00:00,159.162,159.347,159.122,159.198,159.078,158.9708076923077,1
2026-05-21 14:00:00,159.201,159.28,159.121,159.166,159.09533333333331,158.97657692307692,1
2026-05-21 15:00:00,159.165,159.258,159.147,159.17,159.10733333333332,158.9791153846154,1
2026-05-21 16:00:00,159.168,159.199,159.12,159.142,159.11977777777778,158.9895,1
2026-05-21 17:00:00,159.142,159.175,158.82,158.89,159.10966666666664,158.99119230769233,1
2026-05-21 18:00:00,158.89,159.106,158.839,159.08,159.12122222222223,159.00057692307695,1
2026-05-21 19:00:00,159.08,159.096,158.88,158.923,159.09866666666667,159.00084615384614,1
2026-05-21 20:00:00,158.924,159.009,158.888,158.99,159.0801111111111,159.00653846153847,1
2026-05-21 21:00:00,158.929,158.994,158.928,158.974,159.05922222222225,159.01096153846154,1
2026-05-21 22:00:00,158.97,159.024,158.963,159.008,159.0381111111111,159.0138076923077,1
2026-05-21 23:00:00,159.006,159.044,158.988,159.028,159.0227777777778,159.0198846153846,1
2026-05-22 00:00:00,159.03,159.128,159.024,159.092,159.0141111111111,159.02896153846152,-1
2026-05-22 01:00:00,159.092,159.124,159.057,159.102,159.00966666666667,159.0371153846154,-1
2026-05-22 02:00:00,159.102,159.106,159.002,159.034,159.02566666666667,159.04357692307693,-1
2026-05-22 03:00:00,159.033,159.054,159.008,159.04,159.0212222222222,159.04942307692306,-1
2026-05-22 04:00:00,159.04,159.075,159.013,159.07,159.03755555555554,159.05303846153845,-1
2026-05-22 05:00:00,159.071,159.14,159.057,159.132,159.05333333333334,159.05926923076925,-1
2026-05-22 06:00:00,159.133,159.144,159.064,159.106,159.068,159.0634230769231,1
2026-05-22 07:00:00,159.107,159.146,159.107,159.132,159.08177777777777,159.06811538461537,1
2026-05-22 08:00:00,159.134,159.136,159.057,159.092,159.08888888888887,159.06926923076924,1
2026-05-22 09:00:00,159.091,159.148,159.084,159.104,159.09022222222222,159.0721153846154,1
2026-05-22 10:00:00,159.104,159.136,159.078,159.124,159.09266666666667,159.0776153846154,1
2026-05-22 11:00:00,159.124,159.146,159.113,159.14,159.10444444444445,159.08392307692307,1
2026-05-22 12:00:00,159.14,159.15,159.06,159.08,159.10888888888888,159.08215384615383,1
2026-05-22 13:00:00,159.079,159.14,158.992,159.094,159.11155555555555,159.0797307692308,1
2026-05-22 14:00:00,159.092,159.178,159.066,159.104,159.10844444444444,159.07750000000001,1
2026-05-22 15:00:00,159.104,159.234,159.086,159.199,159.11877777777778,159.07753846153844,1
2026-05-22 16:00:00,159.2,159.232,159.156,159.176,159.12366666666668,159.07792307692307,1
2026-05-22 17:00:00,159.176,159.183,159.064,159.13,159.1278888888889,159.0763846153846,1
2026-05-22 18:00:00,159.131,159.169,159.102,159.134,159.13122222222222,159.07607692307693,1
2026-05-22 19:00:00,159.132,159.172,159.102,159.169,159.13622222222222,159.0868076923077,1
2026-05-22 20:00:00,159.17,159.215,159.14,159.206,159.14355555555554,159.09165384615383,1
2026-05-24 21:00:00,158.817,158.916,158.816,158.892,159.12266666666667,159.09046153846154,1
2026-05-24 22:00:00,158.908,159.01,158.828,158.885,159.09944444444443,159.0864230769231,1
2026-05-24 23:00:00,158.884,158.965,158.846,158.958,159.08322222222222,159.0858076923077,-1
2026-05-25 00:00:00,158.958,158.964,158.831,158.9,159.04999999999998,159.08165384615387,-1
2026-05-25 01:00:00,158.899,158.901,158.759,158.878,159.0168888888889,159.0758846153846,-1
2026-05-25 02:00:00,158.878,158.88,158.837,158.852,158.986,159.06665384615386,-1
2026-05-25 03:00:00,158.852,158.894,158.836,158.886,158.9584444444444,159.05834615384614,-1
2026-05-25 04:00:00,158.888,158.916,158.847,158.863,158.92444444444445,159.05176923076922,-1
2026-05-25 05:00:00,158.862,158.938,158.846,158.926,158.89333333333332,159.0473846153846,-1
2026-05-25 06:00:00,158.927,158.94,158.894,158.908,158.8951111111111,159.04115384615383,-1
2026-05-25 07:00:00,158.907,159.042,158.902,158.974,158.905,159.03507692307693,-1
2026-05-25 08:00:00,158.974,158.992,158.902,158.918,158.90055555555557,159.02784615384616,-1
2026-05-25 09:00:00,158.917,158.945,158.898,158.928,158.90366666666665,159.01999999999998,-1
2026-05-25 10:00:00,158.927,158.952,158.92,158.946,158.91122222222222,159.0143846153846,-1
2026-05-25 11:00:00,158.946,158.96,158.892,158.936,158.92055555555555,159.00792307692308,-1
2026-05-25 12:00:00,158.936,158.943,158.882,158.904,158.92255555555553,158.99946153846153,-1
2026-05-25 13:00:00,158.904,158.926,158.887,158.919,158.92877777777778,158.9909615384615,-1
2026-05-25 14:00:00,158.92,158.926,158.888,158.92,158.92811111111112,158.98480769230767,-1
2026-05-25 15:00:00,158.922,158.952,158.882,158.899,158.92711111111112,158.97730769230768,-1
2026-05-25 16:00:00,158.898,158.924,158.894,158.9,158.9188888888889,158.96946153846153,-1
2026-05-25 17:00:00,158.898,158.908,158.888,158.898,158.91666666666666,158.95788461538461,-1
2026-05-25 18:00:00,158.898,158.91,158.89,158.902,158.91377777777777,158.94734615384615,-1
2026-05-25 19:00:00,158.904,158.922,158.892,158.916,158.91044444444444,158.93911538461538,-1
2026-05-25 20:00:00,158.914,158.946,158.91,158.929,158.90966666666665,158.93123076923075,-1
2026-05-25 21:00:00,158.904,158.926,158.864,158.9,158.9092222222222,158.92088461538464,-1
2026-05-25 22:00:00,158.902,158.962,158.897,158.924,158.90977777777778,158.91003846153848,-1
2026-05-25 23:00:00,158.924,158.968,158.912,158.958,158.91400000000002,158.91257692307693,1
2026-05-26 00:00:00,158.956,158.994,158.934,158.972,158.92211111111112,158.91592307692306,1
2026-05-26 01:00:00,158.972,159.004,158.944,158.969,158.92977777777776,158.91634615384615,1
2026-05-26 02:00:00,158.968,158.988,158.936,158.946,158.9351111111111,158.9181153846154,1
2026-05-26 03:00:00,158.946,158.946,158.912,158.94,158.93933333333337,158.9205,1
2026-05-26 04:00:00,158.939,159.025,158.934,159.004,158.9491111111111,158.92634615384617,1
2026-05-26 05:00:00,159.005,159.033,158.974,159.025,158.9597777777778,158.93169230769232,1
2026-05-26 06:00:00,159.026,159.12,159.02,159.098,158.98177777777778,158.94073076923075,1
2026-05-26 07:00:00,159.098,159.203,159.098,159.2,159.01244444444444,158.95126923076924,1
2026-05-26 08:00:00,159.2,159.241,159.194,159.212,159.04066666666665,158.96296153846154,1
2026-05-26 09:00:00,159.211,159.225,159.158,159.161,159.06166666666664,158.97015384615386,1
2026-05-26 10:00:00,159.16,159.18,159.108,159.147,159.08144444444443,158.97896153846156,1
2026-05-26 11:00:00,159.146,159.216,159.137,159.192,159.1087777777778,158.98911538461536,1
2026-05-26 12:00:00,159.192,159.23,159.186,159.228,159.14077777777777,158.99996153846152,1
2026-05-26 13:00:00,159.228,159.303,159.226,159.279,159.17133333333334,159.01315384615387,1
2026-05-26 14:00:00,159.278,159.326,159.228,159.322,159.20433333333332,159.02923076923076,1
2026-05-26 15:00:00,159.322,159.383,159.303,159.364,159.23388888888888,159.04634615384614,1
2026-05-26 16:00:00,159.364,159.364,159.284,159.308,159.24588888888889,159.06126923076923,1
2026-05-26 17:00:00,159.31,159.382,159.286,159.362,159.26255555555554,159.0790769230769,1
2026-05-26 18:00:00,159.363,159.375,159.302,159.334,159.2817777777778,159.09576923076924,1
2026-05-26 19:00:00,159.334,159.348,159.302,159.319,159.30088888888886,159.11196153846154,1
2026-05-26 20:00:00,159.318,159.336,159.298,159.314,159.31444444444443,159.1278076923077,1
2026-05-26 21:00:00,159.298,159.32,159.274,159.28,159.32022222222224,159.14180769230768,1
2026-05-26 22:00:00,159.278,159.308,159.26,159.262,159.31833333333333,159.15461538461537,1
2026-05-26 23:00:00,159.261,159.277,159.204,159.255,159.31088888888888,159.16826923076923,1
2026-05-27 00:00:00,159.254,159.31,159.179,159.281,159.30166666666665,159.182,1
2026-05-27 01:00:00,159.278,159.308,159.216,159.3,159.30077777777777,159.19515384615386,1
2026-05-27 02:00:00,159.299,159.304,159.224,159.228,159.2858888888889,159.20499999999998,1
2026-05-27 03:00:00,159.226,159.23,159.189,159.205,159.27155555555555,159.2140769230769,1
2026-05-27 04:00:00,159.206,159.25,159.199,159.244,159.26322222222223,159.22553846153843,1
2026-05-27 05:00:00,159.244,159.353,159.231,159.35,159.26722222222222,159.2413076923077,1
2026-05-27 06:00:00,159.35,159.378,159.296,159.354,159.27544444444445,159.25476923076923,1
2026-05-27 07:00:00,159.354,159.366,159.305,159.358,159.28611111111113,159.26757692307694,1
2026-05-27 08:00:00,159.357,159.445,159.318,159.396,159.30177777777777,159.27903846153848,1
2026-05-27 09:00:00,159.395,159.4,159.318,159.36,159.31055555555557,159.2851923076923,1
2026-05-27 10:00:00,159.358,159.394,159.348,159.384,159.3198888888889,159.2918076923077,1
2026-05-27 11:00:00,159.386,159.45,159.373,159.436,159.343,159.30238461538463,1
2026-05-27 12:00:00,159.434,159.45,159.248,159.42,159.3668888888889,159.31288461538463,1
2026-05-27 13:00:00,159.418,159.438,159.384,159.384,159.38244444444445,159.32026923076924,1
2026-05-27 14:00:00,159.384,159.512,159.37,159.511,159.40033333333335,159.33115384615382,1
2026-05-27 15:00:00,159.51,159.538,159.437,159.474,159.41366666666667,159.33865384615385,1
2026-05-27 16:00:00,159.472,159.526,159.469,159.498,159.42922222222222,159.34542307692305,1
2026-05-27 17:00:00,159.499,159.581,159.498,159.526,159.44366666666667,159.35165384615385,1
2026-05-27 18:00:00,159.528,159.558,159.494,159.504,159.45966666666666,159.3591923076923,1
2026-05-27 19:00:00,159.505,159.551,159.502,159.541,159.4771111111111,159.36607692307692,1
2026-05-27 20:00:00,159.542,159.542,159.504,159.518,159.4862222222222,159.37315384615385,1
2026-05-27 21:00:00,159.483,159.502,159.454,159.486,159.49355555555556,159.3795769230769,1
2026-05-27 22:00:00,159.482,159.518,159.472,159.506,159.5071111111111,159.38696153846155,1
2026-05-27 23:00:00,159.506,159.578,159.496,159.572,159.51388888888889,159.3981923076923,1
2026-05-28 00:00:00,159.574,159.603,159.543,159.556,159.523,159.4095,1
2026-05-28 01:00:00,159.558,159.594,159.538,159.59,159.5332222222222,159.4223846153846,1
2026-05-28 02:00:00,159.59,159.605,159.522,159.558,159.5367777777778,159.43303846153847,1
2026-05-28 03:00:00,159.556,159.654,159.539,159.618,159.54944444444445,159.44526923076924,1
2026-05-28 04:00:00,159.62,159.62,159.527,159.577,159.55344444444444,159.45869230769233,1
2026-05-28 05:00:00,159.578,159.584,159.531,159.558,159.5578888888889,159.47226923076926,1
2026-05-28 06:00:00,159.557,159.574,159.472,159.493,159.55866666666665,159.48184615384616,1
2026-05-28 07:00:00,159.488,159.524,159.442,159.477,159.55544444444445,159.48673076923075,1
2026-05-28 08:00:00,159.478,159.526,159.449,159.458,159.5427777777778,159.49073076923077,1
2026-05-28 09:00:00,159.457,159.472,159.382,159.418,159.52744444444446,159.49303846153848,1
2026-05-28 10:00:00,159.418,159.468,159.38,159.468,159.51388888888889,159.49580769230766,1
2026-05-28 11:00:00,159.468,159.471,159.418,159.461,159.5031111111111,159.49969230769233,1
2026-05-28 12:00:00,159.46,159.462,159.316,159.37,159.47555555555556,159.49915384615386,-1
2026-05-28 13:00:00,159.368,159.46,159.323,159.455,159.46200000000002,159.49988461538462,-1
2026-05-28 14:00:00,159.457,159.493,159.184,159.228,159.42533333333333,159.4925,-1
2026-05-28 15:00:00,159.227,159.298,159.185,159.292,159.40300000000002,159.48896153846152,-1
2026-05-28 16:00:00,159.292,159.34,159.112,159.164,159.36822222222224,159.4756153846154,-1
2026-05-28 17:00:00,159.164,159.242,159.148,159.2,159.33955555555556,159.4650769230769,-1
2026-05-28 18:00:00,159.2,159.286,159.176,159.258,159.32177777777778,159.45584615384615,-1
2026-05-28 19:00:00,159.259,159.288,159.208,159.248,159.2973333333333,159.44515384615383,-1
2026-05-28 20:00:00,159.25,159.274,159.237,159.246,159.27344444444444,159.43523076923077,-1
2026-05-28 21:00:00,159.212,159.272,159.204,159.242,159.25922222222223,159.42373076923076,-1
2026-05-28 22:00:00,159.24,159.278,159.222,159.263,159.23788888888888,159.41392307692306,-1
2026-05-28 23:00:00,159.264,159.278,159.223,159.273,159.2428888888889,159.40573076923076,-1
2026-05-29 00:00:00,159.27,159.324,159.248,159.29,159.24266666666665,159.39742307692308,-1
2026-05-29 01:00:00,159.289,159.331,159.254,159.316,159.25955555555555,159.38757692307692,-1
2026-05-29 02:00:00,159.318,159.322,159.272,159.314,159.2722222222222,159.37826923076923,-1
2026-05-29 03:00:00,159.316,159.37,159.313,159.36,159.28355555555558,159.36942307692308,-1
2026-05-29 04:00:00,159.361,159.38,159.3,159.302,159.28955555555555,159.35957692307693,-1
2026-05-29 05:00:00,159.302,159.335,159.284,159.312,159.2968888888889,159.34780769230767,-1
2026-05-29 06:00:00,159.31,159.334,159.201,159.214,159.2937777777778,159.33384615384617,-1
2026-05-29 07:00:00,159.215,159.318,159.206,159.265,159.29399999999998,159.32257692307692,-1
2026-05-29 08:00:00,159.266,159.32,159.212,159.296,159.29655555555553,159.31500000000003,-1
2026-05-29 09:00:00,159.296,159.302,159.238,159.298,159.29744444444444,159.3081153846154,-1
2026-05-29 10:00:00,159.298,159.322,159.264,159.288,159.29433333333333,159.30157692307694,-1
2026-05-29 11:00:00,159.288,159.304,159.248,159.254,159.28766666666667,159.2952692307692,-1
2026-05-29 12:00:00,159.254,159.308,159.252,159.258,159.27633333333333,159.28719230769232,-1
2026-05-29 13:00:00,159.258,159.31,159.243,159.302,159.27633333333335,159.2810769230769,-1
2026-05-29 14:00:00,159.301,159.358,159.162,159.19,159.26277777777776,159.27415384615384,-1
2026-05-29 15:00:00,159.19,159.248,159.099,159.232,159.2647777777778,159.2655769230769,-1
2026-05-29 16:00:00,159.232,159.254,159.183,159.2,159.25755555555554,159.26450000000003,-1
2026-05-29 17:00:00,159.2,159.288,159.184,159.284,159.25622222222222,159.2641923076923,-1
2026-05-29 18:00:00,159.285,159.305,159.226,159.266,159.25266666666664,159.26811538461536,-1
2026-05-29 19:00:00,159.265,159.275,159.218,159.265,159.2501111111111,159.27061538461538,-1
2026-05-29 20:00:00,159.266,159.29,159.252,159.271,159.25199999999998,159.27111538461537,-1
2026-05-31 21:00:00,159.368,159.375,159.336,159.354,159.26266666666666,159.2751923076923,-1
2026-05-31 22:00:00,159.356,159.432,159.341,159.39,159.27244444444443,159.28073076923076,-1
2026-05-31 23:00:00,159.392,159.399,159.298,159.365,159.29188888888888,159.28546153846153,1
